"id_especie_id_conservacao","id_especie","id_conservacao"
"2eed6f23-b683-4899-89ab-27d9c3af32c3","c0c27192-c53f-4922-b24d-307dc176aee6","127d0ead-40c6-4e72-b21f-01b2af7fed59"
"b17d340b-97d9-415d-b91c-b4c40d70335a","bb192dc1-c69d-4c6e-a43a-1258f22ac77f","81304458-df73-44c1-8206-90ed8b59a55a"
"c8f5d91a-ace8-451d-adef-c2e841e4b8f3","bb192dc1-c69d-4c6e-a43a-1258f22ac77f","a4164206-f31a-45cf-9e96-6ed90869310a"
"47fe2655-7a76-4097-9fd1-947649ee8d0d","bb192dc1-c69d-4c6e-a43a-1258f22ac77f","7ab24eb2-c333-4e8b-8efa-3fcacd77161c"
"537be1d1-8dc7-4a82-bea2-6ed6de31fe16","c7461853-b436-4103-954a-c353dbf4ae56","aa47cb1c-fb26-42e1-8164-dae5fae86c4a"
"35b27a59-297e-4691-849f-2d30ada3aa20","c7461853-b436-4103-954a-c353dbf4ae56","5f8b198f-7137-474c-99c4-a0adeb737a3e"
"4ea31c57-e93d-4db6-a4b3-79b837f90370","c7461853-b436-4103-954a-c353dbf4ae56","ebc75dce-49bc-466f-baec-820635f37c71"
"92257862-66cc-47ff-b221-2acedd5cb123","177269df-9481-4e44-9a38-a75700bc51cb","a5a0bf05-9467-40a7-b1d2-bbc533c89fdf"
"04b363f1-5aa7-4efd-893c-a05f252712f6","177269df-9481-4e44-9a38-a75700bc51cb","ba7b23e9-aaed-4d81-bd28-24ff456d40ab"
"94fb8ab7-50ee-49ee-8253-ca30e68e0e4a","177269df-9481-4e44-9a38-a75700bc51cb","52c8e412-f2dd-4f15-95d9-819090daf905"
"418ea869-de11-4758-8591-1c5f651b24c4","177269df-9481-4e44-9a38-a75700bc51cb","0bdb6cb7-15d7-4559-8a30-6f80908f0aeb"
"a509f90e-1f67-499c-9f96-c0df315fca10","177269df-9481-4e44-9a38-a75700bc51cb","f25b6efd-6bc5-4b87-8074-a016ed59eb93"
"d9bdc381-213c-40d9-a5d4-b9fff86d990d","177269df-9481-4e44-9a38-a75700bc51cb","834e2839-eef0-40da-90db-b97b4f9660fc"
"b1523873-393d-4d65-8dfa-ab05021d3b7e","177269df-9481-4e44-9a38-a75700bc51cb","b5f455d7-519b-4e56-bab7-df397c02911b"
"0d7c5c76-42ab-42e8-98a2-ce425f798000","177269df-9481-4e44-9a38-a75700bc51cb","308bc0be-ecc3-4c4d-bd27-e98040cbe058"
"37053711-332a-4adf-852a-37a6cde052d6","177269df-9481-4e44-9a38-a75700bc51cb","bb6c2551-25a4-48ab-93c6-def76500ca9c"
"d2a50e95-4fc4-4550-87f6-a659aff60411","177269df-9481-4e44-9a38-a75700bc51cb","4b7e0748-130f-4e5d-9552-d9aa0511b74e"
"0f6a8f1c-4411-4e6a-a019-ea5dbbe873ec","177269df-9481-4e44-9a38-a75700bc51cb","7503036a-7a27-4586-90b3-6493fe01baa9"
"24b3a189-5c3d-41d9-9c03-601d9329845f","177269df-9481-4e44-9a38-a75700bc51cb","d6273c32-2960-4977-9923-89487d79642f"
"0201011a-a1d7-41c0-bf64-84fb04e8ae63","177269df-9481-4e44-9a38-a75700bc51cb","23435bbb-868c-49fa-8d65-f3897da603cb"
"5a346691-44ae-4ce5-9ed4-f8c4747926ba","177269df-9481-4e44-9a38-a75700bc51cb","93004fe7-102d-415e-9c7b-94591b189238"
"d0df9d6f-f17d-4c31-80c6-4e9a133af47b","177269df-9481-4e44-9a38-a75700bc51cb","e70688c4-4427-40c7-921e-f25a16ffa30e"
"2cff57ba-e9cd-4d79-b176-de0edd9ade16","177269df-9481-4e44-9a38-a75700bc51cb","a65f8a5f-d6dd-4f15-ae26-c51073d575c5"
"961935ba-e956-4017-800e-ece9ba05696f","177269df-9481-4e44-9a38-a75700bc51cb","cb038d73-39ba-4b29-b610-6bdfe78b6d69"
"1c16d7ef-0dad-49e4-9a83-439b4ca8de52","177269df-9481-4e44-9a38-a75700bc51cb","9f410f90-a2a7-4106-befa-7c4aec68f295"
"741d5e5c-5845-49a4-9105-9ec5a89c6d63","177269df-9481-4e44-9a38-a75700bc51cb","9c9f2fbc-3e9e-4696-938c-a610a8f2b6f4"
"abbb55af-52e7-45f8-975a-6e1a43157304","177269df-9481-4e44-9a38-a75700bc51cb","aae50c8f-0ccf-462c-aac5-31d75b4ebf70"
"2ce78762-4519-431f-ae0e-e6c7e620c01c","177269df-9481-4e44-9a38-a75700bc51cb","8499d6c0-e8d1-4628-83f0-eac8bef00be5"
"4dd44b11-be4c-423b-978e-c2d432d0d89e","177269df-9481-4e44-9a38-a75700bc51cb","cd9f959c-f386-4ccc-8abf-43d8e343acc9"
"b8644df2-43ca-4580-9d54-a7ae07deac8a","177269df-9481-4e44-9a38-a75700bc51cb","e0fb6b40-c18e-4cd8-9eb2-6eb92efe5f1d"
"3e62132a-0ac4-4916-bcf0-b0d129028d2f","177269df-9481-4e44-9a38-a75700bc51cb","afb05b74-0df5-4fa7-9a2e-f330f4dee0e3"
"6ad46291-5908-4d41-8b57-66807d3a5b57","177269df-9481-4e44-9a38-a75700bc51cb","f6986db5-6149-404e-ac94-5073ff17bb09"
"1b89633d-0779-48f4-aaa4-224549d97a7d","177269df-9481-4e44-9a38-a75700bc51cb","cb0f35c0-424b-46cf-b448-4b636d5962cc"
"53d03e9a-d4b6-4406-b357-02e79c2002b7","177269df-9481-4e44-9a38-a75700bc51cb","44008487-7409-437f-ab84-d0ad86b0877b"
"99e7bee8-35fc-4706-b2d5-9f6341e2dda7","177269df-9481-4e44-9a38-a75700bc51cb","66b8f4e2-62a7-472f-94de-b053eab9e3c2"
"0c0547a2-2508-4af3-ab71-04bcfc4d2002","177269df-9481-4e44-9a38-a75700bc51cb","002e6c99-369f-4fdb-8793-c9c52a45eacb"
"780fc991-2a58-42c8-a036-ba852b3416f8","177269df-9481-4e44-9a38-a75700bc51cb","45962bdc-5b70-4b0c-8d68-0c3e28f7174a"
"25c15a7f-91a7-4a57-814c-7c594b930890","69bc3c26-8f2b-49a0-85b1-cc7c5f70804b","57f1726b-5650-4959-ab3f-5aeb8a7fc937"
"3ea77d18-a5a1-410e-afe6-21ea96d28ccc","f2152600-6c26-4359-8917-6f57a1270b21","1214b958-5be4-4702-8155-1f569e7f3a2a"
"c80789a9-cea1-4e19-95c2-14a0a19a381b","f2152600-6c26-4359-8917-6f57a1270b21","7bcc0878-658f-4ccc-a6e5-83309c5fbd90"
"0740ac38-80fd-46fa-8954-a3a85c3db859","f2152600-6c26-4359-8917-6f57a1270b21","af6333d4-ffc8-475b-8004-eddca6154899"
"928d9126-b4d4-4eea-b3fb-ba4485d55eeb","f2152600-6c26-4359-8917-6f57a1270b21","577e5b8a-593d-41d2-9d37-6cd971dc97e6"
"b373549a-39cc-4d76-896c-0790802ef3d7","f2152600-6c26-4359-8917-6f57a1270b21","b5bf4fb0-0d07-455f-a3e4-1fdd8a798553"
"db782bed-46cf-4fed-a863-a2ee84237071","f2152600-6c26-4359-8917-6f57a1270b21","6ce2821c-98de-48be-8acb-dadee17d79b8"
"b7426742-afd5-4dfe-ac9b-52b34dd58499","f2152600-6c26-4359-8917-6f57a1270b21","33d42bc5-4f1c-4783-aa68-9ea4c10faa22"
"dc4a0362-50ba-44a6-bf1d-b3c91334419e","f2152600-6c26-4359-8917-6f57a1270b21","6f839007-d0b4-47db-8f6c-e9bd098a3a4f"
"6312ca86-fead-4d13-bf66-e9419f8186b8","f2152600-6c26-4359-8917-6f57a1270b21","19d8aefd-0f3f-4a52-a736-709382b7d48b"
"e78ef8aa-5b4d-4c06-a804-3727a79df39a","f2152600-6c26-4359-8917-6f57a1270b21","5385070b-058a-4513-896b-30e4888324e2"
"3ee0d116-509a-4326-94fc-15e3c952399b","f2152600-6c26-4359-8917-6f57a1270b21","5dfbc522-ee61-4571-818b-6ca9ca459069"
"d20c9208-b338-4287-8941-1539050b167b","f2152600-6c26-4359-8917-6f57a1270b21","e45c653e-0c04-46d7-a7a6-5bcb8ec85bd3"
"6abe2dae-4226-463c-93d1-70c2f06b8161","f2152600-6c26-4359-8917-6f57a1270b21","ebb61583-07a1-49ab-b5f0-b87df8fc38e9"
"7f2a1b20-b54a-469b-87e8-6dda903df591","f2152600-6c26-4359-8917-6f57a1270b21","3f3b6b6f-0a9d-4756-8bcf-3056518b2c0a"
"def1b9ae-5369-423d-934a-353a7c11ef97","f2152600-6c26-4359-8917-6f57a1270b21","e18f6cb9-8e11-4a21-8eef-cb5203278e7a"
"883403fd-99f6-4ba9-b831-007d29d52bad","f2152600-6c26-4359-8917-6f57a1270b21","c57ab7e9-cb34-49da-a5ad-e1f7f9fc7339"
"cfd3e091-7f2f-4473-a7bf-fad6790b6030","f2152600-6c26-4359-8917-6f57a1270b21","f0a2dcc5-b96e-4da2-b751-48c568f52243"
"bf1f9a83-6c4f-493e-88c4-85d37570ab08","f2152600-6c26-4359-8917-6f57a1270b21","b6806eb5-73a5-4962-8b11-d5a322be5d6b"
"57c00d10-a00a-447d-afed-a7266457da04","f2152600-6c26-4359-8917-6f57a1270b21","0930cd2c-2328-43b9-b2fa-701bf0f8d896"
"912ab400-7bb8-42e5-9482-d267628ceb75","f2152600-6c26-4359-8917-6f57a1270b21","a206a5cb-7eb2-4ea8-8d9c-2ea60639a41e"
"cc05b0e7-1686-409e-a7cd-4e7060b71310","f2152600-6c26-4359-8917-6f57a1270b21","12e0f236-892d-4049-a5e1-49253b0665b9"
"d5d43ef1-5648-48de-9b42-b5d73f2b1565","f2152600-6c26-4359-8917-6f57a1270b21","00aaaa0d-75e8-489c-8804-f91dd9332385"
"77214466-4127-427f-9d54-29b3a7506ff3","f2152600-6c26-4359-8917-6f57a1270b21","071cd8ee-7a69-4081-a2d3-b12e7a1bad8d"
"ed3d3e86-8f8d-4c42-9700-d77dbac4d80f","f2152600-6c26-4359-8917-6f57a1270b21","ced50b97-97f5-4de0-b7ce-0936da12662f"
"130807ed-9239-4844-8e3d-41ce4f794e4c","f2152600-6c26-4359-8917-6f57a1270b21","7f78af1c-11ef-4000-a994-ee36c5225390"
"7ec5b1bc-d904-4101-a1f4-77d754cf770d","e6b50224-ee01-4fa6-9d8d-beb8023d7cc1","762160a8-1c39-4b66-9cb4-02ecfdfde81e"
"ca43a7c3-79ee-4b37-a8b8-2f1fffb64ed2","e6b50224-ee01-4fa6-9d8d-beb8023d7cc1","d6451776-369e-4560-9349-488da59286ce"
"200d67f2-6f8e-4113-b914-21a12d0e8032","e6b50224-ee01-4fa6-9d8d-beb8023d7cc1","838a9592-27e7-4fcf-b8a4-5074f1308cbf"
"a1a4bfea-5d36-4b74-aacf-fe82d17f6960","e6b50224-ee01-4fa6-9d8d-beb8023d7cc1","7bd04e5c-51bf-47c1-b7d2-2ff05a16b4c2"
"ce358f8a-40ed-4d4f-b92b-eb67bdbb17dd","a8b016c1-7cac-4de8-ac3a-b991a373b43d","a8e1294b-4b56-4831-9a09-1222a8c01375"
"3672419d-e378-43f9-9e89-175676ac8b17","a8b016c1-7cac-4de8-ac3a-b991a373b43d","6cfb2abd-553c-44b1-8235-bdb59bc7a29a"
"b840495f-a417-49ce-b810-a14d6eb1c8d4","a8b016c1-7cac-4de8-ac3a-b991a373b43d","4495b246-4b59-4084-b4dc-79293bc458b8"
"e56ed9c1-4ba3-4498-b229-d46a558fda3c","a8b016c1-7cac-4de8-ac3a-b991a373b43d","761ca374-eb88-4676-93c2-e382f0f7fd06"
"ac294e35-aef0-49f0-8672-77873abec6d4","a8b016c1-7cac-4de8-ac3a-b991a373b43d","ea7dfbf6-0c37-4599-9936-1f2441a5a2dc"
"27a35ba4-b474-403e-b47b-2fa5158ab26d","081fa40d-3a29-4acf-bfec-edbaded55cc9","bd52e7c4-c9dc-4de4-b271-5389747ef335"
"9446e273-bdf1-4485-9369-f6244dae6916","081fa40d-3a29-4acf-bfec-edbaded55cc9","b72158f8-312b-4f29-9f75-3b3ddc50a9d8"
"ba7c5655-f919-4d9e-88a9-2f52ae2ac542","081fa40d-3a29-4acf-bfec-edbaded55cc9","d04e5d26-dc78-444f-886b-608b090842eb"
"c42569f9-3d95-4b80-8610-356502af405c","45e9221f-93e8-4f22-983d-1f87f2cd700a","d04e5d26-dc78-444f-886b-608b090842eb"
"0f45af92-6d7e-4671-bf35-9a0720b4b4fb","3dd43c51-7fad-45d5-a1cd-ef41aa7af327","d04e5d26-dc78-444f-886b-608b090842eb"
"4a9fae0e-480d-403d-9405-8cf69e15afba","78d5e929-2974-4bcb-9e3a-d1996bb6ef05","d04e5d26-dc78-444f-886b-608b090842eb"
"9fb87ea5-0ada-4923-9d99-1de04dbd1744","80c1fb9b-ffd0-4968-bf32-dd1c876ede46","d04e5d26-dc78-444f-886b-608b090842eb"
"624889d4-93b0-49f0-8b0f-20845fd04788","e7ab0884-5076-4465-acdf-dc64fd5bb76f","d04e5d26-dc78-444f-886b-608b090842eb"
"9aaeea97-e901-4f61-8321-7bab297bd1e4","46da1c59-3c15-43af-b0b1-461896057315","b72158f8-312b-4f29-9f75-3b3ddc50a9d8"
"91312fe0-3cfc-4d99-b458-ff8df0b01b92","cdf74d35-d8cd-44a3-886b-b6bfb665a141","dc54e828-6f35-42e2-8b6e-0899d3b06faa"
"bb2acc32-da86-43a6-851f-5c94b0720e20","98416fd0-838e-471c-a859-f49a819e205d","9d7117f4-0a81-4cac-94de-ebe37b03671f"
"76268cb8-d306-4087-9bd6-7b4553beacd7","98416fd0-838e-471c-a859-f49a819e205d","9f410f90-a2a7-4106-befa-7c4aec68f295"
"76c92dd6-e3f3-4334-b466-12d3c3193c1c","98416fd0-838e-471c-a859-f49a819e205d","aae50c8f-0ccf-462c-aac5-31d75b4ebf70"
"268ff6b4-aa07-4a59-b2ec-bd9851ab6a2c","98416fd0-838e-471c-a859-f49a819e205d","686ad9cd-8efc-4fad-b0a9-6da9e653b971"
"66941363-64d2-4568-995b-d54053afbe4b","98416fd0-838e-471c-a859-f49a819e205d","002e6c99-369f-4fdb-8793-c9c52a45eacb"
"183ebd19-3615-4821-9b49-acba39edd8bd","d7ac5c52-f53c-466d-9ed1-83d8d0061a68","57f1726b-5650-4959-ab3f-5aeb8a7fc937"
"10fa36ee-a858-4279-8aea-b4909bcfd544","d7ac5c52-f53c-466d-9ed1-83d8d0061a68","edd6c0cf-c80c-4c3d-9abd-6baaf8db8ed0"
"0d2a96c3-9afa-44c6-b6da-fc2a52439c86","d7ac5c52-f53c-466d-9ed1-83d8d0061a68","3734c0d1-3b7d-437d-ba12-a79caaf72d77"
"f2d2ab4c-4afe-42b5-aaaf-953c3e084399","5cd72d8d-bbe4-42ca-9696-51325ccdb77e","bd52e7c4-c9dc-4de4-b271-5389747ef335"
"1bb8554e-dd72-4534-b4d2-93dc4f80999d","5cd72d8d-bbe4-42ca-9696-51325ccdb77e","b72158f8-312b-4f29-9f75-3b3ddc50a9d8"
"1b07f718-da8a-4de0-b9a1-8b3195ba7f3d","4c23a3c9-5540-41bd-885c-5d5de71bf7d1","f79a4d64-ee43-470d-b347-935c6d4ef6d2"
"8df002cc-d803-440e-b37e-c1c77b2b12ba","4c23a3c9-5540-41bd-885c-5d5de71bf7d1","d996f732-1ec4-47c1-b1e6-8d28e12e26a5"
"c5e98186-0c6f-493c-945a-64734c7eb6d6","4a2b40b7-1f76-44ec-bf28-0bfb64ab935e","cc0014cf-f897-4a97-b8ac-3fd81dd9fdc5"
"23b6c925-2af5-4000-a7ca-b48a17a95c95","2e127948-f3f3-4aba-81c2-2d788a353898","cc0014cf-f897-4a97-b8ac-3fd81dd9fdc5"
"11d1f675-a8d3-4d59-be42-028ee43b40d1","ad71d537-0ec5-4fd5-b754-d175ee9979d7","cc0014cf-f897-4a97-b8ac-3fd81dd9fdc5"
"baee32b7-1110-4786-afda-18dc5c3e49ce","0a67a4ee-47fb-440c-a662-d86bcad3e1a1","8523dc55-9e0a-4708-9337-ac896ba82c98"
"df69ab5f-6396-40cd-a511-a40b57af4ea5","6f84a615-ca0f-439a-8821-2ac9bf0f0396","e81d205d-e55a-40f7-b332-5e6bef0e32f6"
"83e14791-c3aa-4560-a33b-56358b2b8f6f","028454f0-54aa-4552-9282-a17856f6f89c","e81d205d-e55a-40f7-b332-5e6bef0e32f6"
"fc625b76-9af3-4c2d-ae98-aaa181759e84","12b11ae1-04a0-4717-9495-0625d17c6d07","70674969-d983-465f-871f-902491c85bec"
"36cc8e0c-37f2-4cd1-9aba-2c428188f33c","347287b6-7fc0-443d-a062-eb304b6d5d7b","ea74d30f-365e-4e13-9311-c723407aa261"
"6d9d093b-7653-4cc7-a5c2-f75322245ab0","347287b6-7fc0-443d-a062-eb304b6d5d7b","35f51366-7f02-46ed-9bda-5c13bff68237"
"7302edd3-2f55-4e02-890c-b63cd4f15d7c","347287b6-7fc0-443d-a062-eb304b6d5d7b","1b311eca-6114-4682-a76e-860deb307813"
"a1cf5d8d-affa-47ab-8baf-c7274f1899cf","347287b6-7fc0-443d-a062-eb304b6d5d7b","127d0ead-40c6-4e72-b21f-01b2af7fed59"
"e74dd982-dc3d-45b4-965f-303293154b1b","347287b6-7fc0-443d-a062-eb304b6d5d7b","a754e8f4-8b1c-403c-8fc7-07154adf584e"
"1c45a986-b3b3-4d03-9689-5144762f1a52","347287b6-7fc0-443d-a062-eb304b6d5d7b","ba7d477e-a39d-4ec0-82fb-b4ac197fa9c3"
"91ae4b08-5dae-476b-b985-6feab61a13fd","347287b6-7fc0-443d-a062-eb304b6d5d7b","ce11f85d-6339-4ef7-88a4-a961a4773da4"
"91ab719d-25b1-43f4-8f52-cb6048cc1598","347287b6-7fc0-443d-a062-eb304b6d5d7b","2ff0198f-feb3-4561-8d98-bbe669479b37"
"5a650cc5-0912-4b32-a6f8-39261253a5f2","347287b6-7fc0-443d-a062-eb304b6d5d7b","1bc03c1b-2b15-4484-b0ce-881e30888899"
"7b14c292-dbf8-4d31-a40e-d6b12d9d231d","347287b6-7fc0-443d-a062-eb304b6d5d7b","81f47bf0-a962-4051-bc2b-4854a4b8d6ff"
"38468ba6-4543-4f7e-bde6-dc5b3f8cb749","347287b6-7fc0-443d-a062-eb304b6d5d7b","f90c1c79-897c-43b7-8efb-58e323caa3b4"
"53c7af8a-eab5-4cec-8f58-2a70393df781","347287b6-7fc0-443d-a062-eb304b6d5d7b","801b4f82-a59e-4c84-b91f-e110fefa4a8d"
"e468471c-3698-4342-8005-f943dd292768","347287b6-7fc0-443d-a062-eb304b6d5d7b","bd52e7c4-c9dc-4de4-b271-5389747ef335"
"c0f2effd-67b8-44db-9a0d-55b0d38e4133","347287b6-7fc0-443d-a062-eb304b6d5d7b","726beec9-84ca-490c-9bdb-dfd07eba9512"
"e26c85dd-b97c-48b3-bf6d-91a9ae124c84","347287b6-7fc0-443d-a062-eb304b6d5d7b","b7906b3e-605a-42d3-81d1-61e063337ed1"
"cad24f83-8379-464d-8a56-994f895af2ca","347287b6-7fc0-443d-a062-eb304b6d5d7b","fb4141b3-2ad2-4d8e-8aed-207061e2de8a"
"ad320fe5-8fa9-4e34-8a3b-ff92fccfd0be","347287b6-7fc0-443d-a062-eb304b6d5d7b","bcc3dc9d-d770-470a-8b6f-d81ac1fd267b"
"82fe6d14-6599-4f68-baa4-3a5edee8a15b","347287b6-7fc0-443d-a062-eb304b6d5d7b","4c818f5f-a0c5-4e4b-8f1a-255604bdb10b"
"14d3d3b7-630d-47c8-bde9-5d95fbfb7f05","347287b6-7fc0-443d-a062-eb304b6d5d7b","0e94b5a9-4a80-400c-a86b-b1e15f0bf707"
"e213201d-5282-4f78-a3ef-77f70153b79c","347287b6-7fc0-443d-a062-eb304b6d5d7b","6cd60564-0189-4cdb-baa7-628550425823"
"5301c199-7862-469e-9741-03fd995fb83f","347287b6-7fc0-443d-a062-eb304b6d5d7b","976e99ca-2262-44e9-8414-c3b33c823f15"
"aaaa9197-6b12-4efc-9a10-275a265f329f","347287b6-7fc0-443d-a062-eb304b6d5d7b","0f19d657-6476-4c9d-a312-88bbd881af67"
"f877d191-7cf9-4df9-a23f-0313633cfca5","347287b6-7fc0-443d-a062-eb304b6d5d7b","f54825dd-34b0-4454-8215-2fb5590112e1"
"4f2ab364-7152-4c17-9b7b-45c0dedfeb60","347287b6-7fc0-443d-a062-eb304b6d5d7b","3879f577-5fd7-4b1a-8640-78f403f5e9b5"
"8a14acd7-eae3-41d9-89f2-ed8a8bac3b6b","347287b6-7fc0-443d-a062-eb304b6d5d7b","0eb4cac7-214c-49c2-bd4e-e57a35c6d0e9"
"7e8f53e6-d3ee-4cdc-ae21-31e4bfc83a4f","347287b6-7fc0-443d-a062-eb304b6d5d7b","eb17a20b-530a-474d-a459-48ac4f92ce78"
"79497b71-870c-4741-a462-123cba0bd041","347287b6-7fc0-443d-a062-eb304b6d5d7b","52be7d10-1647-4ded-a33f-b48fab8a44f8"
"d64ffddc-30e6-42d5-869f-25bfa4ce5ba8","347287b6-7fc0-443d-a062-eb304b6d5d7b","0839aa91-8647-4e8f-9292-3986f426651c"
"acb74fa7-4755-405c-8dda-c01b8052a126","347287b6-7fc0-443d-a062-eb304b6d5d7b","831fc15a-0004-4ad6-baf7-409ae05d22d9"
"24bd0d09-1069-47f7-b946-95faac9b3b7e","347287b6-7fc0-443d-a062-eb304b6d5d7b","52cf946b-f12d-4084-8f2e-a0ee9dfca561"
"b61516d1-1b63-415a-a9d0-3918375baa7e","347287b6-7fc0-443d-a062-eb304b6d5d7b","5cfe5b9c-4a61-4500-b945-e8acd311f928"
"7aea9155-e97e-4f0c-b192-65c60d6f05ac","347287b6-7fc0-443d-a062-eb304b6d5d7b","0c6f841e-c7aa-471f-9f53-1308cc3091de"
"2bb24bb0-f666-4ec3-a91f-ac7c49332298","347287b6-7fc0-443d-a062-eb304b6d5d7b","764fecd3-40b2-46ee-abb3-69709c939088"
"b52345e9-c3c1-4d8b-aeef-ed1acae82834","4d439f7b-04de-45e0-a8a7-8175377106bb","3c9ba013-c38f-4dc1-b88f-36ba266fe594"
"86e5d85e-dcfe-4fa9-8d29-8152c9360e20","4d439f7b-04de-45e0-a8a7-8175377106bb","a13b5d1d-6ac8-405a-ba40-b4d10abc8da6"
"f0b13b3e-1815-4d26-9ec9-6692a77ddb7c","4d439f7b-04de-45e0-a8a7-8175377106bb","73482f65-b2b0-461e-9802-6bf2edbdd3ff"
"c31f1cd9-7232-4dfa-86a4-5908f1ee8b7a","b34e92b3-6e79-434e-88a6-8b641a3fbc58","6ba12793-e6c7-4a5e-bf66-217b56f24411"
"ed514d2a-530e-409d-9858-cfbe7c4605c7","b34e92b3-6e79-434e-88a6-8b641a3fbc58","a4bfde15-debb-4734-8187-516b02545585"
"15f475f7-9753-448b-a59b-7c42a92a6d60","b34e92b3-6e79-434e-88a6-8b641a3fbc58","35f51366-7f02-46ed-9bda-5c13bff68237"
"d99d7c22-bb53-4f09-b9f5-595997f4d864","b34e92b3-6e79-434e-88a6-8b641a3fbc58","b90efd5a-d0f6-4310-92ba-65b4df50907e"
"5eff2ac8-fdad-4fd5-8225-dd57f3790d9e","b34e92b3-6e79-434e-88a6-8b641a3fbc58","1b311eca-6114-4682-a76e-860deb307813"
"f4432467-ead2-4dc6-8da2-e05b071df187","b34e92b3-6e79-434e-88a6-8b641a3fbc58","127d0ead-40c6-4e72-b21f-01b2af7fed59"
"64ee0012-55a7-4af4-b84d-b882d4015b8c","b34e92b3-6e79-434e-88a6-8b641a3fbc58","c9fff699-4e6a-4802-b33a-1803e5420c97"
"a64ba942-03a7-4ec1-859a-d5bac02b92bd","b34e92b3-6e79-434e-88a6-8b641a3fbc58","ee608ab9-228b-4e41-a53f-c38bbc3cf9d0"
"ef5f851d-8e4d-41b1-9798-223212ed4fa5","b34e92b3-6e79-434e-88a6-8b641a3fbc58","12c000d7-c194-4a09-a77a-97b078758469"
"a5ee1713-89c8-4c1c-8bc9-2a2b6254575e","b34e92b3-6e79-434e-88a6-8b641a3fbc58","b11a368a-bc2d-4fd1-ac72-29501b55decf"
"b2dccc8d-3c7e-4743-8116-469f0683f6a8","b34e92b3-6e79-434e-88a6-8b641a3fbc58","a754e8f4-8b1c-403c-8fc7-07154adf584e"
"5bcd6dcd-ebb3-4ddb-b7d7-5a153154fefd","b34e92b3-6e79-434e-88a6-8b641a3fbc58","ba7d477e-a39d-4ec0-82fb-b4ac197fa9c3"
"ee5f8e0b-c096-4079-9744-7b8b0a901f8b","b34e92b3-6e79-434e-88a6-8b641a3fbc58","ce11f85d-6339-4ef7-88a4-a961a4773da4"
"86370e1d-7723-43ef-9179-028480fb7b42","b34e92b3-6e79-434e-88a6-8b641a3fbc58","41263bc4-3f62-4d9a-9d6d-63adf2df9118"
"7616c348-2ee2-48fd-b743-eda6d54e4a47","b34e92b3-6e79-434e-88a6-8b641a3fbc58","99d3231c-2d12-4c0e-b7ff-94d50563553a"
"1f6d4772-4070-48ae-9d19-71156d453659","b34e92b3-6e79-434e-88a6-8b641a3fbc58","8e08a371-362d-4f01-84ff-9a5dc78aa566"
"b855d834-f5c1-400b-b749-f85ae00135b2","b34e92b3-6e79-434e-88a6-8b641a3fbc58","f6dcaaf8-d2fa-4b0b-be8c-5c4dc4aa1263"
"9c78d0eb-4df2-413f-991f-d5dd1580490d","b34e92b3-6e79-434e-88a6-8b641a3fbc58","1bc03c1b-2b15-4484-b0ce-881e30888899"
"2bde43e9-0c87-4d1a-ad90-47fb397f66cf","b34e92b3-6e79-434e-88a6-8b641a3fbc58","0cd0fd1a-fd31-4f95-8f08-cb2940f7904f"
"916be6cb-851d-431f-a279-797a1ad83497","b34e92b3-6e79-434e-88a6-8b641a3fbc58","7457eba6-5d81-4afe-b833-eaa8b8180777"
"8edc21c4-d121-4ddf-8294-d791b3c389a3","b34e92b3-6e79-434e-88a6-8b641a3fbc58","cb39f9e4-5d37-4a05-9b6c-d057f863baaa"
"f9f0cbe8-9c1f-43f4-9700-5caf2c06af45","b34e92b3-6e79-434e-88a6-8b641a3fbc58","db0538fb-9770-43ad-9210-7f593110cfc7"
"516df20b-786f-4228-8c79-af88cfa1b476","b34e92b3-6e79-434e-88a6-8b641a3fbc58","c28fe73c-ae57-4b80-a7ee-ec9853b964c4"
"aef7321c-702f-48aa-b9b8-7678c0c9e014","b34e92b3-6e79-434e-88a6-8b641a3fbc58","31e0864f-5552-4d76-b5de-a02ea5322ba6"
"f00cdc26-071c-4771-b9f7-57fefa808713","b34e92b3-6e79-434e-88a6-8b641a3fbc58","0f4151c9-a41b-46bc-9c64-8c2e16747b83"
"3a1c8719-7289-45e3-87d8-e6e59dbd6e79","b34e92b3-6e79-434e-88a6-8b641a3fbc58","d73564af-80f5-49d8-bbc0-26cb0e9a7acc"
"d8e608e8-18d9-477e-9187-16adab9ee616","b34e92b3-6e79-434e-88a6-8b641a3fbc58","e170bf72-9e3a-4395-95f5-46518aef1a67"
"bbdbdf1d-73b5-46be-a014-bc4ddf5bc139","b34e92b3-6e79-434e-88a6-8b641a3fbc58","801b4f82-a59e-4c84-b91f-e110fefa4a8d"
"cb228bde-9a69-4a22-a726-bfe2e4023eca","b34e92b3-6e79-434e-88a6-8b641a3fbc58","8a6add2f-fd86-4e33-b23c-f5c513ba18ad"
"11e20f24-4357-4c73-a929-5904816787d0","b34e92b3-6e79-434e-88a6-8b641a3fbc58","bd52e7c4-c9dc-4de4-b271-5389747ef335"
"0fba4fd8-1422-4f0d-8507-5695c24020e3","b34e92b3-6e79-434e-88a6-8b641a3fbc58","0bb404bf-bd39-4699-a7b8-ff33d8e2c3e5"
"4bf31695-92c5-4ec4-b5b4-c9f7c24e5d6d","b34e92b3-6e79-434e-88a6-8b641a3fbc58","4e6596ae-ffed-40a1-89ba-2dc41cd15936"
"e620bd72-8c65-4057-b261-50f7e2d82df5","b34e92b3-6e79-434e-88a6-8b641a3fbc58","cb2aa196-6ac2-4e73-954d-6bd1c53455b3"
"43ad7009-6ead-4322-87f0-1b04cbe3799d","b34e92b3-6e79-434e-88a6-8b641a3fbc58","726beec9-84ca-490c-9bdb-dfd07eba9512"
"6d1c5511-8b88-45ab-b1da-cfff8c2999ac","b34e92b3-6e79-434e-88a6-8b641a3fbc58","6e438b0a-2423-498f-b7f5-01e981eebd07"
"3f32fbe1-6470-47c1-8421-4492d4633977","b34e92b3-6e79-434e-88a6-8b641a3fbc58","7052feed-29dc-469f-a485-5677512b1115"
"c56eb1d7-d9ff-4c17-8952-448db8d393a7","b34e92b3-6e79-434e-88a6-8b641a3fbc58","5a86b937-511a-4a95-b5f7-84e54ffdea81"
"2588131b-dedb-4bcd-aa0a-1f7368b2d25c","b34e92b3-6e79-434e-88a6-8b641a3fbc58","fb4141b3-2ad2-4d8e-8aed-207061e2de8a"
"5c726158-1418-47e0-9522-89c3f555ed76","b34e92b3-6e79-434e-88a6-8b641a3fbc58","73482f65-b2b0-461e-9802-6bf2edbdd3ff"
"a0603e9b-bf07-497f-982f-4184825999c2","b34e92b3-6e79-434e-88a6-8b641a3fbc58","00b043ab-8ad7-4f11-9e34-3873e21185e1"
"e19d811f-5300-47ae-9cde-dd80768b008e","b34e92b3-6e79-434e-88a6-8b641a3fbc58","b0a177d8-85f9-465f-b385-516feabb9ad7"
"69dff274-e739-46be-a1d2-f160feb67a85","b34e92b3-6e79-434e-88a6-8b641a3fbc58","b33d5b32-909a-482f-969c-c8a910fa95e5"
"bd20fb36-df62-4c75-9f78-05a8f3c2d590","b34e92b3-6e79-434e-88a6-8b641a3fbc58","d996f732-1ec4-47c1-b1e6-8d28e12e26a5"
"93bebbee-29f1-4033-86f4-1345404473a8","b34e92b3-6e79-434e-88a6-8b641a3fbc58","1935da36-36a6-49cf-bd21-e22aa0dace19"
"da3c6f73-f4f1-4d06-8ae8-8982a9e50b71","b34e92b3-6e79-434e-88a6-8b641a3fbc58","8ddb6de6-5884-43bf-9321-b5e48893cd0e"
"3ddca79c-c142-4ff4-b6d6-21c65609fe17","b34e92b3-6e79-434e-88a6-8b641a3fbc58","bcc3dc9d-d770-470a-8b6f-d81ac1fd267b"
"1b7a65eb-e1ea-434d-a33d-3d4f82d3362d","b34e92b3-6e79-434e-88a6-8b641a3fbc58","1da8ed7e-8511-4643-82b9-f09fb2b7655c"
"60b6d545-3182-4dc1-b42d-cb1915c8db49","b34e92b3-6e79-434e-88a6-8b641a3fbc58","0e94b5a9-4a80-400c-a86b-b1e15f0bf707"
"47234d28-8dde-451b-8789-61662e5f4fe0","b34e92b3-6e79-434e-88a6-8b641a3fbc58","6c844ad2-d7f4-4066-bc24-971813256f6e"
"01c753f1-8c82-4969-9f7b-75a8c7edc056","b34e92b3-6e79-434e-88a6-8b641a3fbc58","6cd60564-0189-4cdb-baa7-628550425823"
"44e8ea1e-3362-4e7d-8755-167d0a757ec3","b34e92b3-6e79-434e-88a6-8b641a3fbc58","976e99ca-2262-44e9-8414-c3b33c823f15"
"73435158-04af-4a65-9b02-e44a73801735","b34e92b3-6e79-434e-88a6-8b641a3fbc58","0f19d657-6476-4c9d-a312-88bbd881af67"
"30013615-0fdc-4833-92e4-fe47a1d36496","b34e92b3-6e79-434e-88a6-8b641a3fbc58","32cf08e0-5477-408c-af6c-c2e70a82bdd9"
"0ab7d649-292a-45a0-83f0-b5c508967687","b34e92b3-6e79-434e-88a6-8b641a3fbc58","7c2ff725-c525-47ad-a3a6-bc20ec1a03c6"
"80f39b4e-0222-440d-a38b-d2164dff6d71","b34e92b3-6e79-434e-88a6-8b641a3fbc58","f54825dd-34b0-4454-8215-2fb5590112e1"
"b7b344e0-e74c-4260-a9dc-4e656823afa4","b34e92b3-6e79-434e-88a6-8b641a3fbc58","b72158f8-312b-4f29-9f75-3b3ddc50a9d8"
"addf1254-ab0c-4d8d-858a-a018b004c2e0","b34e92b3-6e79-434e-88a6-8b641a3fbc58","e28db64e-9215-42f2-9ed7-e1b444cad721"
"55ac5e30-8a73-4a19-9a19-3e1c9eb77429","b34e92b3-6e79-434e-88a6-8b641a3fbc58","58ad278a-9c60-46c1-8c54-bd6ec2fadcc5"
"eb5e19f4-0085-4859-8204-60084df37ffb","b34e92b3-6e79-434e-88a6-8b641a3fbc58","4786bbee-e503-466c-aee7-af3d0ed6368e"
"e6f6816a-6f21-4e6c-af37-db50c0dd5f68","b34e92b3-6e79-434e-88a6-8b641a3fbc58","fffd86e3-0571-49ec-8bd9-a4966ed008a5"
"9142ae11-4820-4d55-8c6d-fe63a68b1964","b34e92b3-6e79-434e-88a6-8b641a3fbc58","725956fe-53bd-4fb9-8c0e-9014c0d30429"
"93b9422d-3ed4-428c-9cca-e3d9ffb2e5d0","b34e92b3-6e79-434e-88a6-8b641a3fbc58","f0d18fbb-587e-4843-9b13-c613f2c8700e"
"7e3b5735-07e9-46cc-b5ad-461c31a8517c","b34e92b3-6e79-434e-88a6-8b641a3fbc58","b4c5bd27-edcc-4726-b821-5acd0993d978"
"3658d1b3-7a49-4be0-b4c3-3872e89114d0","b34e92b3-6e79-434e-88a6-8b641a3fbc58","7ac8662a-8f55-4f39-a6c8-110c433d0e4e"
"bebf2e96-c688-4ec4-827c-fa46949c9828","b34e92b3-6e79-434e-88a6-8b641a3fbc58","eb17a20b-530a-474d-a459-48ac4f92ce78"
"91159042-7989-401d-b179-9da51cf9bcad","b34e92b3-6e79-434e-88a6-8b641a3fbc58","d8bc5e89-ef80-4440-9629-3c74edb354fd"
"4fee13bc-9815-4a9a-8d1d-fc5702624c65","b34e92b3-6e79-434e-88a6-8b641a3fbc58","71caf8a6-5375-4880-9f64-5e2030a3c192"
"23f112b7-be89-43d5-aac4-b7114fef4494","b34e92b3-6e79-434e-88a6-8b641a3fbc58","8c2d7456-d88f-49d8-b24a-5343f16d123a"
"bed2d36c-f45e-48cc-9eac-8cd9b085d66e","b34e92b3-6e79-434e-88a6-8b641a3fbc58","b13b54b6-935e-4479-a850-80409772ea90"
"324516cd-03a5-46d4-932d-0c4bb381e220","b34e92b3-6e79-434e-88a6-8b641a3fbc58","b759825f-f18e-491f-9a03-d330ee5a9bcd"
"839edf73-4a32-4c20-a5fc-718099655faf","b34e92b3-6e79-434e-88a6-8b641a3fbc58","8e3618d4-037f-4ba3-8879-db869440b345"
"d9056d53-60bd-4479-967f-27276345810c","b34e92b3-6e79-434e-88a6-8b641a3fbc58","fe6dd9de-9f41-4b6e-a36d-e0ba3defce7e"
"4e2febcf-3a13-44dd-a7ba-b29369f06583","b34e92b3-6e79-434e-88a6-8b641a3fbc58","52be7d10-1647-4ded-a33f-b48fab8a44f8"
"e0cd971b-b6a7-4aa8-bf66-c0518af4c9fb","b34e92b3-6e79-434e-88a6-8b641a3fbc58","5cf20921-caf8-427d-8cf5-81ac9d8edaaa"
"1cffdc72-44b3-47e2-9664-d24011cbab6f","b34e92b3-6e79-434e-88a6-8b641a3fbc58","e1228b65-52a0-41b4-8393-b022a18649e9"
"20ca33ac-129a-4a8b-b6d7-28d2754d0d11","b34e92b3-6e79-434e-88a6-8b641a3fbc58","b199421b-4dcc-430b-9128-3dd22850a3af"
"3d390fbf-cfc5-488c-b3c0-67beaa2b504c","b34e92b3-6e79-434e-88a6-8b641a3fbc58","b710f77d-d918-44a0-be1f-63504abc495c"
"05509e86-0ffe-4d59-b9a7-50b5d5171fef","b34e92b3-6e79-434e-88a6-8b641a3fbc58","5c5af0ed-98c8-4942-a220-a319779c37e3"
"8459c327-1923-4696-88a2-cb70c39fc9ae","b34e92b3-6e79-434e-88a6-8b641a3fbc58","d49a4071-3cdf-45fa-83d4-421041b69688"
"1e7b6ea5-240b-4640-b31c-96b463e21513","b34e92b3-6e79-434e-88a6-8b641a3fbc58","1d632c22-f9b0-4022-9ab7-3c814d786bd5"
"c26bbc0f-240e-4ec2-afe0-d1e05dc54b87","b34e92b3-6e79-434e-88a6-8b641a3fbc58","831fc15a-0004-4ad6-baf7-409ae05d22d9"
"a79e4172-ba84-4a09-9ec8-9f49704b2f7a","b34e92b3-6e79-434e-88a6-8b641a3fbc58","52cf946b-f12d-4084-8f2e-a0ee9dfca561"
"ba05a5c5-7942-4788-a756-9c7222d3aec1","b34e92b3-6e79-434e-88a6-8b641a3fbc58","8e9f8ff3-fcdc-4f83-9691-3414c3c5e24f"
"b7a46ce3-59f7-441d-9eba-14ef2aa17246","b34e92b3-6e79-434e-88a6-8b641a3fbc58","0f5be95b-5b94-437f-95be-9bd956f8d4ab"
"329eae5f-6c14-4f6c-98d6-987514657b27","b34e92b3-6e79-434e-88a6-8b641a3fbc58","0c6f841e-c7aa-471f-9f53-1308cc3091de"
"1ae6ae6a-1360-429f-a61d-483bf73dd1ad","b34e92b3-6e79-434e-88a6-8b641a3fbc58","764fecd3-40b2-46ee-abb3-69709c939088"
"9ff8bd31-219c-49de-9938-a6eff01352d3","b34e92b3-6e79-434e-88a6-8b641a3fbc58","c8025c2c-9842-42d4-a153-99a6ea5ddc3c"
"63549f9f-be00-4f63-ad91-218246d31a26","e9627371-348e-46b4-b9f5-47f3fdbfd2cf","e981687d-2235-4c84-971b-c7661a908b23"
"a87afecf-e432-4ace-b73d-66cbf98970d2","e9627371-348e-46b4-b9f5-47f3fdbfd2cf","a42a75bf-7b8a-4c43-908a-9eb6cf889e51"
"62d7565a-13cb-4d79-a860-99d8687b85a4","e9627371-348e-46b4-b9f5-47f3fdbfd2cf","67ed0d12-2ead-4db9-b4e5-f3c6acfd6317"
"20a590f6-09a2-4ee8-a657-ae463fbe8876","e9627371-348e-46b4-b9f5-47f3fdbfd2cf","6c0c1453-a91c-4815-b404-b7c8e9c03e4d"
"e84c62bb-2140-454e-820a-310da2d588a0","e9627371-348e-46b4-b9f5-47f3fdbfd2cf","824c2bf6-43a1-42f6-9971-151bb8d06781"
"9515039e-1c52-4e3e-a8d6-922562da3c7d","e9627371-348e-46b4-b9f5-47f3fdbfd2cf","d5dc87c5-477c-43b8-8e2e-753b836c53ed"
"32fbf1c3-6bb8-4552-8b96-8555dabd5f66","e9627371-348e-46b4-b9f5-47f3fdbfd2cf","f33f5f71-8882-4da8-a75c-0b15dfd5eaa3"
"1223e5f6-5079-4043-92c9-ceeb8f209faf","e9627371-348e-46b4-b9f5-47f3fdbfd2cf","feac8c19-0fbd-47d0-a7da-25c4ed54f9d8"
"42aa8697-4f86-4ed8-ae66-fa8c019ffb63","e9627371-348e-46b4-b9f5-47f3fdbfd2cf","b1a104f7-647f-4abf-85d4-fce6961f47cb"
"41e5012e-1771-43ef-a5d2-5f080bdb43ea","e9627371-348e-46b4-b9f5-47f3fdbfd2cf","967c0c1f-f26e-43a0-8085-a10b8bf89889"
"498bd091-25e3-4b1e-8664-4bd621e68471","5130c1f2-6f8c-4456-92c0-514adf9c84c0","a4bfde15-debb-4734-8187-516b02545585"
"f3d967b0-f402-4313-acb6-1ea25f4bbe1e","5130c1f2-6f8c-4456-92c0-514adf9c84c0","127d0ead-40c6-4e72-b21f-01b2af7fed59"
"d13bfb95-467c-4b3f-b0ea-060b131858d3","5130c1f2-6f8c-4456-92c0-514adf9c84c0","12c000d7-c194-4a09-a77a-97b078758469"
"99823e21-3b67-47ce-96e2-4ca5f231ef19","5130c1f2-6f8c-4456-92c0-514adf9c84c0","7aba11c3-c24c-477e-8404-8d5659d37561"
"1694110a-ec89-43d6-8331-c6ef235ac129","5130c1f2-6f8c-4456-92c0-514adf9c84c0","521f3036-897c-4abf-9abb-6298c47e0c3f"
"b3f69fd5-ef88-4af9-8eb2-781d0880eefd","5130c1f2-6f8c-4456-92c0-514adf9c84c0","a754e8f4-8b1c-403c-8fc7-07154adf584e"
"30901d64-47b7-442c-92cf-9db8289705cb","5130c1f2-6f8c-4456-92c0-514adf9c84c0","ce11f85d-6339-4ef7-88a4-a961a4773da4"
"23d6ad1d-aacc-47e1-bd83-92f24f765459","5130c1f2-6f8c-4456-92c0-514adf9c84c0","8e08a371-362d-4f01-84ff-9a5dc78aa566"
"62f59613-1da8-4fdc-8c8a-3b4ce5a28fbc","5130c1f2-6f8c-4456-92c0-514adf9c84c0","f6dcaaf8-d2fa-4b0b-be8c-5c4dc4aa1263"
"823f75d9-a00a-44ad-9c82-9fd759d472f6","5130c1f2-6f8c-4456-92c0-514adf9c84c0","ae737523-d2e8-4415-aea6-b7ce233cf639"
"59b95892-44ee-40e7-8da0-e6403a60e5f7","5130c1f2-6f8c-4456-92c0-514adf9c84c0","cb39f9e4-5d37-4a05-9b6c-d057f863baaa"
"01fe117a-5900-4518-8e1c-c02abd795f55","5130c1f2-6f8c-4456-92c0-514adf9c84c0","db0538fb-9770-43ad-9210-7f593110cfc7"
"0c4ae8eb-5295-464f-9a2b-790ba7017500","5130c1f2-6f8c-4456-92c0-514adf9c84c0","c28fe73c-ae57-4b80-a7ee-ec9853b964c4"
"4d450a93-0d67-4854-8dc7-b180e280006e","5130c1f2-6f8c-4456-92c0-514adf9c84c0","d4f4b4ad-ced5-4e41-9cbe-f99afd2877ed"
"3b24f632-ac96-4c75-b64d-c87ba2190aee","5130c1f2-6f8c-4456-92c0-514adf9c84c0","087275c8-3fb2-46f3-9d03-0b64f73e6527"
"497129b8-f0c4-4063-a466-1ba20ca980c5","5130c1f2-6f8c-4456-92c0-514adf9c84c0","31e0864f-5552-4d76-b5de-a02ea5322ba6"
"b25a0790-e980-4360-bf0d-b72885b8e0ad","5130c1f2-6f8c-4456-92c0-514adf9c84c0","d73564af-80f5-49d8-bbc0-26cb0e9a7acc"
"1b244ee4-9e8b-48af-a7c8-cfaaab8ca742","5130c1f2-6f8c-4456-92c0-514adf9c84c0","ffbafe72-5484-421a-bb73-e10d19093d0b"
"a80c55e3-d084-4b17-88c9-1d68f1e01c98","5130c1f2-6f8c-4456-92c0-514adf9c84c0","8ddb5da1-aff0-4957-bf7c-51f54cbd699d"
"8d2ea199-d990-40f7-b53b-6586e59d3109","5130c1f2-6f8c-4456-92c0-514adf9c84c0","68f6cca8-7eff-42e7-b461-090c6b975210"
"49b92c28-d1f4-48e6-87de-b298fe59bf49","5130c1f2-6f8c-4456-92c0-514adf9c84c0","5a86b937-511a-4a95-b5f7-84e54ffdea81"
"4a65aac3-9e07-4335-acc3-4b9bc35dd573","5130c1f2-6f8c-4456-92c0-514adf9c84c0","73482f65-b2b0-461e-9802-6bf2edbdd3ff"
"c136cd1f-0845-4052-923e-431bbccb17d2","5130c1f2-6f8c-4456-92c0-514adf9c84c0","b33d5b32-909a-482f-969c-c8a910fa95e5"
"b3b1ca21-a6ad-465f-bc5e-b2e9cae09f51","5130c1f2-6f8c-4456-92c0-514adf9c84c0","08e0fadc-587d-4576-a43e-0c36673a4a9f"
"38f08d71-32f1-4ba6-8081-5dc209a3c8e9","5130c1f2-6f8c-4456-92c0-514adf9c84c0","dce275fb-67e7-4e11-aadd-b2236a350158"
"2718b711-eb04-4388-922b-c69a3063fe3a","5130c1f2-6f8c-4456-92c0-514adf9c84c0","6c844ad2-d7f4-4066-bc24-971813256f6e"
"f405ac1d-b94f-4c5f-874e-d250c7b78740","5130c1f2-6f8c-4456-92c0-514adf9c84c0","32cf08e0-5477-408c-af6c-c2e70a82bdd9"
"3a3f6999-6129-451a-92e7-0512dbcf66e1","5130c1f2-6f8c-4456-92c0-514adf9c84c0","f54825dd-34b0-4454-8215-2fb5590112e1"
"57272256-da1d-41e9-b29f-cc230207c2a2","5130c1f2-6f8c-4456-92c0-514adf9c84c0","c928c276-80d1-460c-997a-1cd2f597631e"
"b14b2646-a1ba-4b88-bdb6-fd7ed97a9bcc","5130c1f2-6f8c-4456-92c0-514adf9c84c0","f0d18fbb-587e-4843-9b13-c613f2c8700e"
"5e0709cb-64c1-40e9-b233-acd6669cb0fb","5130c1f2-6f8c-4456-92c0-514adf9c84c0","2b8913db-2108-4e48-b571-7a17e7cd249d"
"5560d24c-923d-4ad2-b6d7-f7ade7385f77","5130c1f2-6f8c-4456-92c0-514adf9c84c0","7ac8662a-8f55-4f39-a6c8-110c433d0e4e"
"2db7681a-0dac-49df-9903-7e155ff4f842","5130c1f2-6f8c-4456-92c0-514adf9c84c0","8c2d7456-d88f-49d8-b24a-5343f16d123a"
"915a9cf7-e1e0-4b43-90e3-0bbfaa4177d0","5130c1f2-6f8c-4456-92c0-514adf9c84c0","b13b54b6-935e-4479-a850-80409772ea90"
"0ee78cfe-fe91-47d4-b378-fdb9390b7c1c","5130c1f2-6f8c-4456-92c0-514adf9c84c0","b759825f-f18e-491f-9a03-d330ee5a9bcd"
"8dbe84e3-e31d-44de-8352-75bf0dd87d57","5130c1f2-6f8c-4456-92c0-514adf9c84c0","8e3618d4-037f-4ba3-8879-db869440b345"
"ca48e428-942f-48ac-92f9-cf177694cc3e","5130c1f2-6f8c-4456-92c0-514adf9c84c0","39cecea2-bbdd-454c-94d9-f48c429e539a"
"0d18a565-ba61-4bd4-af58-bced4fac035e","5130c1f2-6f8c-4456-92c0-514adf9c84c0","4442a576-f4bc-416b-b597-519da254b8ac"
"f58b78a4-d755-485d-aa85-1f14230dc3c0","5130c1f2-6f8c-4456-92c0-514adf9c84c0","5cf20921-caf8-427d-8cf5-81ac9d8edaaa"
"4fde8b42-e177-46c0-83d9-8c9e860df52c","5130c1f2-6f8c-4456-92c0-514adf9c84c0","e1228b65-52a0-41b4-8393-b022a18649e9"
"6f7d18da-147b-42ed-acfd-cfa16a563a0c","5130c1f2-6f8c-4456-92c0-514adf9c84c0","b199421b-4dcc-430b-9128-3dd22850a3af"
"7feb24b1-24ea-4f17-8601-ade301e71b2f","5130c1f2-6f8c-4456-92c0-514adf9c84c0","b710f77d-d918-44a0-be1f-63504abc495c"
"e6c6663b-81d5-4e9d-9a07-5a95d759dbed","5130c1f2-6f8c-4456-92c0-514adf9c84c0","c45276f7-55c2-4865-849f-5f37c70f7d13"
"618c62a8-2a77-4891-a432-f2c3a6881089","4fb71223-445c-4928-bbde-eebe41f0c6a8","1b311eca-6114-4682-a76e-860deb307813"
"f3fd9564-1d24-4970-8b9d-17b595e7f091","4fb71223-445c-4928-bbde-eebe41f0c6a8","c9fff699-4e6a-4802-b33a-1803e5420c97"
"a0caf768-b170-4bed-8975-3d5b389afcf7","4fb71223-445c-4928-bbde-eebe41f0c6a8","e981687d-2235-4c84-971b-c7661a908b23"
"1a7c10f5-f7c6-4fb3-852f-6027f20a86cf","4fb71223-445c-4928-bbde-eebe41f0c6a8","5355e3f6-727c-4ca6-a9a7-acc19dac981a"
"cb22fd36-75f2-4f0e-ad0f-d52149f34564","4fb71223-445c-4928-bbde-eebe41f0c6a8","3dde0c54-ea97-4e2c-a4d0-94fe71fd284d"
"afc0f215-427d-4971-bf70-9139a0a7fe48","4fb71223-445c-4928-bbde-eebe41f0c6a8","bd439e64-1941-4bb7-8240-78f2352007f8"
"26cbc02d-db65-4e38-9443-27ccd07ea94f","4fb71223-445c-4928-bbde-eebe41f0c6a8","b11a368a-bc2d-4fd1-ac72-29501b55decf"
"9445592c-5e9e-4fc9-a3e9-1e0dcd8bba07","4fb71223-445c-4928-bbde-eebe41f0c6a8","ba7d477e-a39d-4ec0-82fb-b4ac197fa9c3"
"ec699630-dd95-45bb-8bd4-8e36db38a5c7","4fb71223-445c-4928-bbde-eebe41f0c6a8","2ff0198f-feb3-4561-8d98-bbe669479b37"
"f7733d9a-044c-4a5f-adbe-65210c969569","4fb71223-445c-4928-bbde-eebe41f0c6a8","ee0d6baa-39b2-4bc9-b2fc-5309c2d7be1f"
"cb1b4bdc-eb2c-4289-8a19-d6d2269d127e","4fb71223-445c-4928-bbde-eebe41f0c6a8","cf486bf9-6298-469b-a492-87938448c201"
"32965474-2602-465b-9a7a-922155f19b0b","4fb71223-445c-4928-bbde-eebe41f0c6a8","68783065-0999-4ed7-af62-0345bcf844c9"
"500a69e8-f9e3-44d7-9bf2-582218fb92a2","4fb71223-445c-4928-bbde-eebe41f0c6a8","09b0cafe-ab13-4b84-bcc7-2b99c4725c8f"
"4e7f4da7-cd0c-40e8-9549-65c19f73c47a","4fb71223-445c-4928-bbde-eebe41f0c6a8","ac526f15-1658-484e-a21f-cd9f18b4c3d7"
"7fe03781-131b-49b2-8cc5-91aab680754a","4fb71223-445c-4928-bbde-eebe41f0c6a8","e81d205d-e55a-40f7-b332-5e6bef0e32f6"
"e1ab59a0-1518-4be6-b23d-b293b5f70e82","4fb71223-445c-4928-bbde-eebe41f0c6a8","ebb61583-07a1-49ab-b5f0-b87df8fc38e9"
"26253284-8a72-4285-a32f-5cf3afae0a07","4fb71223-445c-4928-bbde-eebe41f0c6a8","6815144c-3075-4a8b-adbe-0c64305046b8"
"896c5db6-bc24-43e1-8d9a-f281e311b917","4fb71223-445c-4928-bbde-eebe41f0c6a8","16332782-ab31-4705-bf5b-7ed482241970"
"b18a76d2-c7bc-44ec-8006-81d102c1aadf","4fb71223-445c-4928-bbde-eebe41f0c6a8","d5dc87c5-477c-43b8-8e2e-753b836c53ed"
"724c611c-102d-4c09-adb9-b04f3fb9c253","4fb71223-445c-4928-bbde-eebe41f0c6a8","f378e7f1-ccc5-4a9f-909a-1e4543bf97f7"
"54b70188-f8d0-4540-ac10-4fa4a15b86e2","4fb71223-445c-4928-bbde-eebe41f0c6a8","d1dad703-da9d-4a56-afee-4cf461b6db5c"
"4f35ab2d-1ead-4b4a-a917-c8d6cb061088","4fb71223-445c-4928-bbde-eebe41f0c6a8","f33f5f71-8882-4da8-a75c-0b15dfd5eaa3"
"b6e4fed9-df95-46d7-87d6-6c10ffd6843e","4fb71223-445c-4928-bbde-eebe41f0c6a8","e5824f8a-33ec-4178-8bc8-2f933a099e14"
"96334c8a-de9e-4af4-ac07-cc940bbbf60b","4fb71223-445c-4928-bbde-eebe41f0c6a8","12575fa7-1aae-489a-9447-07cd09d4670e"
"8ae4c220-c84b-4f88-8d41-15cf667f317f","4fb71223-445c-4928-bbde-eebe41f0c6a8","eb17a20b-530a-474d-a459-48ac4f92ce78"
"d8f97df4-7158-42e5-8799-28fce91ee06e","4fb71223-445c-4928-bbde-eebe41f0c6a8","db742857-3fb7-4c3e-8c3b-990e8137a67f"
"e5fb64aa-dcf6-4d99-8110-4e0a0551b857","4fb71223-445c-4928-bbde-eebe41f0c6a8","07298058-6505-44c8-bd34-dabed120e3ab"
"c7e82f70-1f54-4863-aa11-0661a1a6c8e8","4fb71223-445c-4928-bbde-eebe41f0c6a8","e0899789-1a8e-43a6-9374-d7996e83b599"
"fe5ad3d1-3d84-46c3-9781-b047e8a728f6","4fb71223-445c-4928-bbde-eebe41f0c6a8","bb79b59d-6b4a-4d62-b857-00de6d023ca7"
"2af15683-c7bb-4933-a4d6-5e9ba0fc0eec","4fb71223-445c-4928-bbde-eebe41f0c6a8","70a92529-96f7-41bc-aaf2-d3b00eda8c85"
"89220083-6d54-4da6-b74c-90845215595e","4fb71223-445c-4928-bbde-eebe41f0c6a8","52be7d10-1647-4ded-a33f-b48fab8a44f8"
"78adcf0c-9bf2-401b-a1e4-fe9b9e74f90d","4fb71223-445c-4928-bbde-eebe41f0c6a8","57a6d3b7-84e3-438c-a016-39d0057a298b"
"35bfd495-86ea-4103-b2ef-14abd8b8ec02","4fb71223-445c-4928-bbde-eebe41f0c6a8","ae396136-ccd7-406f-88ce-654cc4496959"
"7ba68955-cf4c-4c62-b908-110a53739093","4fb71223-445c-4928-bbde-eebe41f0c6a8","1d632c22-f9b0-4022-9ab7-3c814d786bd5"
"3cc52e19-62eb-49fd-a746-1ed761b1f36b","4fb71223-445c-4928-bbde-eebe41f0c6a8","7f78af1c-11ef-4000-a994-ee36c5225390"
"a7105a95-5246-45c3-9770-ef2e50a29f98","4fb71223-445c-4928-bbde-eebe41f0c6a8","0c6f841e-c7aa-471f-9f53-1308cc3091de"
"16ab0103-52a6-42b9-9c62-6c076755eff8","4fb71223-445c-4928-bbde-eebe41f0c6a8","241f5e78-731c-4112-b606-4c4d4a0ca69a"
"ca1d96a7-f090-4a2c-acfc-8f03c06d046f","4fb71223-445c-4928-bbde-eebe41f0c6a8","0fd19b00-105e-45ce-9fc3-58291b602ff9"
"73f065d2-9273-4f97-ad4d-e3bf31932dc5","cf960740-5da5-4624-829b-e354afdcb63c","3bfdc8b6-f931-4f26-889b-e467cf6f312d"
"f19542e6-8f79-4387-b7ca-fc9325003f83","cf960740-5da5-4624-829b-e354afdcb63c","c8dd1d86-ab17-4532-a9d6-212c26358205"
"f9318bc0-1996-4e74-a53a-8a05dc9e8aab","cf960740-5da5-4624-829b-e354afdcb63c","610ad35a-d248-41f1-a30b-5282093f58ce"
"39e7a90c-03ff-49b8-aa0a-cb51469e3ecd","cf960740-5da5-4624-829b-e354afdcb63c","4ee234c0-b0ac-49af-a6c7-d6beb3372a1e"
"db5bf70e-8b60-49ce-a810-f21dc7971c2b","cf960740-5da5-4624-829b-e354afdcb63c","a85a7cd5-b415-4723-b063-f2ec369ecd0d"
"704363cd-ed21-4c18-a1d4-8731e1363291","d01b5bc7-eea5-4f5f-913e-0d33f9239bae","761ca374-eb88-4676-93c2-e382f0f7fd06"
"9237efe4-f8c6-4cc2-883f-86047ccfa4ec","2f205b0b-7051-4173-bd6c-abfd45c72b69","127d0ead-40c6-4e72-b21f-01b2af7fed59"
"68d43326-0c26-4eb6-9451-96856a0449b4","2f205b0b-7051-4173-bd6c-abfd45c72b69","c9fff699-4e6a-4802-b33a-1803e5420c97"
"ab6d563c-683b-43a5-969b-28b698fe5afc","2f205b0b-7051-4173-bd6c-abfd45c72b69","ce11f85d-6339-4ef7-88a4-a961a4773da4"
"fa518e0d-fab5-4ed2-8975-57472b5a9dcb","2f205b0b-7051-4173-bd6c-abfd45c72b69","2ff0198f-feb3-4561-8d98-bbe669479b37"
"59b81550-1cdb-4d04-beed-5f18cd400e86","2f205b0b-7051-4173-bd6c-abfd45c72b69","99d3231c-2d12-4c0e-b7ff-94d50563553a"
"c7848279-613f-4611-895e-7f499749ffed","2f205b0b-7051-4173-bd6c-abfd45c72b69","d996f732-1ec4-47c1-b1e6-8d28e12e26a5"
"253c3c7e-8abe-415e-bc2d-094645a5eb83","2f205b0b-7051-4173-bd6c-abfd45c72b69","3609016d-8c63-40c7-a8ba-3bb5143f158b"
"28fea098-9a6d-4ab6-82c1-3a0854d12445","8fef7c07-6229-42e8-9b0a-024ac11395d1","6cd60564-0189-4cdb-baa7-628550425823"
"5a58a533-035d-4147-8799-616194f807fd","c6350fe8-a18d-4b0b-8b89-2bd3a39fa411","67ed0d12-2ead-4db9-b4e5-f3c6acfd6317"
"fed6f817-8472-4912-8daa-cc1a542383cc","c6350fe8-a18d-4b0b-8b89-2bd3a39fa411","6efacca2-9102-4e9e-a2a3-a04ec140f1ab"
"c114d2fc-6caa-4850-83b1-e6b2ae345603","c6350fe8-a18d-4b0b-8b89-2bd3a39fa411","6f839007-d0b4-47db-8f6c-e9bd098a3a4f"
"6b11e74c-560f-4d40-bd99-b24e2bbd0222","c6350fe8-a18d-4b0b-8b89-2bd3a39fa411","6c0c1453-a91c-4815-b404-b7c8e9c03e4d"
"cbd7bfa0-fdef-416f-b759-a900d7e28724","c6350fe8-a18d-4b0b-8b89-2bd3a39fa411","2fcd2605-b4f5-4bd9-9244-7acd164a6ef1"
"af37ca1e-0c2a-47cf-a126-74b8b27d54de","c6350fe8-a18d-4b0b-8b89-2bd3a39fa411","a9db5e23-d710-407c-9d42-6863d5c29113"
"9ab8f6be-a220-4817-a06e-60abd844634a","c6350fe8-a18d-4b0b-8b89-2bd3a39fa411","ebb61583-07a1-49ab-b5f0-b87df8fc38e9"
"44a2cfef-6c9d-4cc8-8ff3-48cbf5b1d052","c6350fe8-a18d-4b0b-8b89-2bd3a39fa411","99fb07e2-a8fb-4057-902f-2ea1e867a387"
"fb470f45-3cb4-4c46-a87a-cb7791ee7bd2","c6350fe8-a18d-4b0b-8b89-2bd3a39fa411","c57ab7e9-cb34-49da-a5ad-e1f7f9fc7339"
"66ac4155-1ce7-4db9-83d0-2cfd0be7836d","c6350fe8-a18d-4b0b-8b89-2bd3a39fa411","70674969-d983-465f-871f-902491c85bec"
"faeef597-1a4f-4df4-afa3-e8f7c423baec","c6350fe8-a18d-4b0b-8b89-2bd3a39fa411","1d3ba720-fcef-4d5f-8e28-94aadb62568a"
"093df0f7-4e4b-44c4-9a18-ac73409b0798","c6350fe8-a18d-4b0b-8b89-2bd3a39fa411","b6806eb5-73a5-4962-8b11-d5a322be5d6b"
"3a8562a9-bf29-4c4f-9b33-a76fc50cdc7f","c6350fe8-a18d-4b0b-8b89-2bd3a39fa411","db742857-3fb7-4c3e-8c3b-990e8137a67f"
"133893f7-a49c-4a52-b9b5-383d0bad238a","c6350fe8-a18d-4b0b-8b89-2bd3a39fa411","739028ae-c281-45ed-a480-bfc630ecbde5"
"19b260c0-c11f-4cf9-9770-fac98fa77f04","c6350fe8-a18d-4b0b-8b89-2bd3a39fa411","57a6d3b7-84e3-438c-a016-39d0057a298b"
"142da6d6-2282-4ce9-8183-6c72961b7f58","c6350fe8-a18d-4b0b-8b89-2bd3a39fa411","967c0c1f-f26e-43a0-8085-a10b8bf89889"
"73824537-9239-4042-a854-770180941eef","358323ca-855d-4ead-bf53-4c84d7c3509c","4ba4d555-3966-4803-91e1-bc0b7f59b113"
"992d0d99-1fe7-4555-a558-9ed635ed9983","358323ca-855d-4ead-bf53-4c84d7c3509c","3bfdc8b6-f931-4f26-889b-e467cf6f312d"
"5ebb2184-59d4-4615-92f2-53e8fd72f4bf","358323ca-855d-4ead-bf53-4c84d7c3509c","f25b6efd-6bc5-4b87-8074-a016ed59eb93"
"c05e2cdb-ad59-4509-999e-6c1031fdedea","358323ca-855d-4ead-bf53-4c84d7c3509c","834e2839-eef0-40da-90db-b97b4f9660fc"
"1d95146d-ade3-4183-8454-7fb0787b98ec","358323ca-855d-4ead-bf53-4c84d7c3509c","bd177e8d-6eee-458e-af9b-152526fcd150"
"468cb8e2-41e4-4d68-b62a-00224572a317","358323ca-855d-4ead-bf53-4c84d7c3509c","2235acf4-cd07-4796-a25c-3664eee8d260"
"6f92b9ed-5479-4ed3-8901-e6f324d62847","358323ca-855d-4ead-bf53-4c84d7c3509c","9c9f2fbc-3e9e-4696-938c-a610a8f2b6f4"
"5084cdb3-72f4-46b5-8b6f-4ad386431b3b","358323ca-855d-4ead-bf53-4c84d7c3509c","d4a041a9-2aed-43f5-a4a3-9f78c4d36f7f"
"5e571695-088e-4d76-86a2-82c323f568fe","358323ca-855d-4ead-bf53-4c84d7c3509c","f732cb10-4cfa-42df-9d98-4d1f778f3218"
"3b06d304-4b60-43db-88b9-9e73f6f17bfa","358323ca-855d-4ead-bf53-4c84d7c3509c","2bc8bbd3-3310-4c54-9541-0eb25f96ed6e"
"db37d6e1-391c-464f-b3bb-0303d94f44bb","358323ca-855d-4ead-bf53-4c84d7c3509c","0c1d88b2-a0dc-4876-9fd6-03f42992f3e6"
"b145bac5-c006-451b-a27a-78a011ee5a43","358323ca-855d-4ead-bf53-4c84d7c3509c","4f6678c9-5c08-4790-acf6-df018063996f"
"ac8c1f51-c991-42bd-ac46-501c30298957","358323ca-855d-4ead-bf53-4c84d7c3509c","610ad35a-d248-41f1-a30b-5282093f58ce"
"7e885e0d-4e7f-4c79-a22b-abb31e406bdc","358323ca-855d-4ead-bf53-4c84d7c3509c","82b01d8b-5db8-4fcd-80f3-a5b9f2377488"
"f147d6f6-99f6-4b9f-a080-982e9a747dbb","358323ca-855d-4ead-bf53-4c84d7c3509c","a3ac90a2-f0da-4197-a8e7-6c5d03ce014d"
"33e59642-fb06-4372-84a7-fd75446ceda4","358323ca-855d-4ead-bf53-4c84d7c3509c","6dfbc0ee-ebe6-4456-9029-44ede81ab8c6"
"22a95491-f43f-496b-9db3-86f7662ff575","358323ca-855d-4ead-bf53-4c84d7c3509c","da6bcca6-ee00-4f11-bb7c-94cabc57ed03"
"c78cb308-8ae3-4599-bde1-6aaa4316ccd5","358323ca-855d-4ead-bf53-4c84d7c3509c","18046e3a-39ed-4c2b-80e9-b48c4a3b8fc5"
"7fa472a9-e1cb-471b-83f9-128bea47c738","358323ca-855d-4ead-bf53-4c84d7c3509c","d90e2966-2499-42ec-935a-ecf4ba82aad4"
"a319bdf4-6cb0-418e-af54-c8c35843155a","358323ca-855d-4ead-bf53-4c84d7c3509c","cb58b2d3-62f3-4616-ae9c-be85f8d0d054"
"1b740737-12fc-45c3-8691-232f19f6eb44","e4d44243-7636-48bc-8a8c-c0da4dd17c72","dc84df40-a6cd-4cf5-bfd2-03a2fcd1a184"
"7a8045f0-626c-475f-8841-480a1774a139","e4d44243-7636-48bc-8a8c-c0da4dd17c72","ba7b23e9-aaed-4d81-bd28-24ff456d40ab"
"2a47e685-0435-4228-beb3-70abf6c4364d","e4d44243-7636-48bc-8a8c-c0da4dd17c72","a780cdd9-f563-4f43-9ab3-313f25b77ffd"
"51a26e92-0860-4aae-a98c-6ab905b79c30","e4d44243-7636-48bc-8a8c-c0da4dd17c72","b5f455d7-519b-4e56-bab7-df397c02911b"
"5191bc50-fa0d-4eba-b413-845bfcb1b7d0","e4d44243-7636-48bc-8a8c-c0da4dd17c72","3247b017-5b48-4bf3-ba2e-518cb2072b39"
"6d1478f4-87ba-4126-b2b7-5f700d273349","e4d44243-7636-48bc-8a8c-c0da4dd17c72","308bc0be-ecc3-4c4d-bd27-e98040cbe058"
"0fbe48df-b6c3-412f-83a6-5e89ee6d5a24","e4d44243-7636-48bc-8a8c-c0da4dd17c72","bb6c2551-25a4-48ab-93c6-def76500ca9c"
"6b6c0b79-86c2-41a0-9bed-81e74e3d7cc3","e4d44243-7636-48bc-8a8c-c0da4dd17c72","d6273c32-2960-4977-9923-89487d79642f"
"41fbfd15-8d5c-4408-a424-fc17c81b9464","e4d44243-7636-48bc-8a8c-c0da4dd17c72","a65f8a5f-d6dd-4f15-ae26-c51073d575c5"
"36d6436e-d076-489d-bf9d-1d17747f3196","e4d44243-7636-48bc-8a8c-c0da4dd17c72","526810f2-895a-4584-9937-dde90403a209"
"3dd19356-9ffe-42ff-9d5b-53edca085528","e4d44243-7636-48bc-8a8c-c0da4dd17c72","8499d6c0-e8d1-4628-83f0-eac8bef00be5"
"218c2ab3-89c9-49c1-9a1a-8996a73109fa","e4d44243-7636-48bc-8a8c-c0da4dd17c72","cd9f959c-f386-4ccc-8abf-43d8e343acc9"
"015fbc51-00d5-436d-86fb-1c1e6708dbd5","e4d44243-7636-48bc-8a8c-c0da4dd17c72","e0fb6b40-c18e-4cd8-9eb2-6eb92efe5f1d"
"705b3d5d-343a-4db8-ac4f-38282879da70","7f0430c4-5e67-41f3-8d61-3a6265c915eb","ac9759d7-da31-484c-a3f0-6ac35b3a94a2"
"1c5efdc2-f354-4d2f-89a5-713d43b92e5d","7f0430c4-5e67-41f3-8d61-3a6265c915eb","5a84c9f1-6fa5-4d13-80b3-fa5d1427274b"
"d2e4fb03-8978-48d0-99ab-007c17368b8b","7f0430c4-5e67-41f3-8d61-3a6265c915eb","a884ff5c-f5e0-40ec-848d-3e1b1da59862"
"eff5619a-85c9-4967-a46c-95c7f1967693","7f0430c4-5e67-41f3-8d61-3a6265c915eb","6e103979-e7d8-4a6f-a499-24aaba23d260"
"e89ce52c-5a65-4ae3-b551-21f281c6e444","7f0430c4-5e67-41f3-8d61-3a6265c915eb","af8aa6d7-04e5-4171-9623-9287ea8821ef"
"27fb0088-e41d-459c-a482-c2582c3d02ed","7f0430c4-5e67-41f3-8d61-3a6265c915eb","bdb8045a-97a1-4e5c-beed-259714c4fdb1"
"74d42356-d992-4cb3-a3d9-1a32b193a51a","7f0430c4-5e67-41f3-8d61-3a6265c915eb","82b01d8b-5db8-4fcd-80f3-a5b9f2377488"
"0f1ae2f1-a14a-438a-8b5f-07f8d61dde49","7f0430c4-5e67-41f3-8d61-3a6265c915eb","9809dc0f-ce66-429f-a503-289eff9e6418"
"e7fbde26-9cca-4c17-b5dd-cd2fdbb16a29","891f3632-cecc-4f16-a159-8fb18fc0ecfe","12c000d7-c194-4a09-a77a-97b078758469"
"f4ea1212-bf81-4bdd-acd4-c1f9a42e8b65","891f3632-cecc-4f16-a159-8fb18fc0ecfe","31e0864f-5552-4d76-b5de-a02ea5322ba6"
"a53db0e3-4990-48fd-a056-73a71c7913d0","7cbf9153-7f77-40a1-9347-1da416a2c960","31e0864f-5552-4d76-b5de-a02ea5322ba6"
"e59a213a-2793-4ab3-ab89-74f7efcbaeed","3eef5f7b-854a-48a6-b127-c6c82c9259ca","c28fe73c-ae57-4b80-a7ee-ec9853b964c4"
"53c4650d-b37a-441a-898d-530e6a3207fc","9d9f0259-5658-4e2a-b3d8-edd95aef736b","ee608ab9-228b-4e41-a53f-c38bbc3cf9d0"
"d436d9be-c7b3-447c-9303-97ed30c9af78","80fd7a36-d6fa-421a-8228-c60c6a8b2509","8e08a371-362d-4f01-84ff-9a5dc78aa566"
"6ae34eb4-ab91-4319-b163-8dabe92f9e1a","8914f193-5a53-486e-9742-ccf1182293be","176640b8-4bd5-47e8-8296-d0c0be9748db"
"215bc83f-ccc7-4ddf-8a5c-9421a11e6ff0","82383fe7-c10d-4b9f-bbb7-789cb0fd0d6e","c9fff699-4e6a-4802-b33a-1803e5420c97"
"662f3790-5053-4c09-948f-e116da832b1a","e36eaa40-fb71-46af-949b-09fd3ba02aa6","2ff0198f-feb3-4561-8d98-bbe669479b37"
"3d4ecd71-67e9-44d5-807c-52697b144536","1d07e6b6-ecec-4702-a33e-84729dcbb0c1","2ff0198f-feb3-4561-8d98-bbe669479b37"
"1596e649-050a-41e7-b3b9-50ac4a746866","41b4e965-c615-4185-abda-9bfb1cad9715","c9fff699-4e6a-4802-b33a-1803e5420c97"
"361fd95c-2adf-4513-9da3-e43b1aec8bf6","41b4e965-c615-4185-abda-9bfb1cad9715","f69555b9-fef7-4aab-82e6-e0913cf31427"
"b8277bd0-5c16-4ec1-80d0-9729f268a9ec","34d9ec97-c4cf-48e1-bdf6-aa8c4c426111","2ff0198f-feb3-4561-8d98-bbe669479b37"
"e56d46d7-2eed-4589-b420-b1fb070f34b5","7d5baa53-b658-4ab5-a860-933f975fb56f","2ff0198f-feb3-4561-8d98-bbe669479b37"
"36c8c47f-a2d6-4108-a0d1-d07bd1f0cb3a","dfdc9d3c-9f88-4d6a-b805-8fef7ded2d63","c9fff699-4e6a-4802-b33a-1803e5420c97"
"988c693e-51f9-4c61-901e-2cb06a77698a","dfdc9d3c-9f88-4d6a-b805-8fef7ded2d63","f69555b9-fef7-4aab-82e6-e0913cf31427"
"6dd5bb04-6715-41eb-8cd8-7e2e654a302f","125d6cb2-b401-4e69-9971-f3a839194d91","5a86b937-511a-4a95-b5f7-84e54ffdea81"
"4caaafc8-4d7b-44a0-a405-a826f8e2887b","125d6cb2-b401-4e69-9971-f3a839194d91","6c844ad2-d7f4-4066-bc24-971813256f6e"
