"id_pan","id_localizacao"
"CEMAVE_31.02","83c72501-8a03-4706-992f-d1c498b999c1"
"CEMAVE_31.02","0ce95a70-d887-4126-bc7f-d14a72d66a8d"
"CEMAVE_31.02","bd67148c-35b9-44ad-a8da-ea6d01b0f411"
"CEMAVE_31.02","3b362879-6f46-4898-8a49-c60e04fe097d"
"CEMAVE_31.02","701ff08e-5fda-4655-8d9c-5ada635bacab"
"CEMAVE_31.02","378d48e6-108c-450d-901d-f098e228bacc"
"CEMAVE_31.02","3556f4e7-e254-4511-8a2c-42b369a9c0db"
"CEMAVE_31.02","eee05591-c155-43a0-9de1-03c49e80b419"
"CEMAVE_31.02","f371e656-c509-49e4-a817-f3f1cf2284b7"
"CEMAVE_31.02","e326faaf-0bff-4e58-8315-c102fa9997a2"
"CEMAVE_31.02","933103cf-de27-4aae-85b2-7fe23ffd93eb"
"CEMAVE_31.02","53003722-caa8-4e56-83a0-d3f5b4afa9b7"
"CEMAVE_31.02","a8771f97-1b4f-4c3e-96c8-fdc368b88f0c"
"CEMAVE_31.02","a02cf072-bab2-4591-ad9e-45378b9cd9f6"
"CEMAVE_31.02","1f209360-c10d-4150-a7a6-8199679c87fa"
"CEMAVE_31.02","ca5f1dc4-a547-4137-9d0b-2f6e7ad56d95"
"CEMAVE_31.02","43679681-4c74-499b-8833-4256ab34ad38"
"CEMAVE_31.02","3fe7ea75-5590-4865-bf48-647ef71e37e8"
"CEMAVE_32.03","3b362879-6f46-4898-8a49-c60e04fe097d"
"CEMAVE_32.03","d0b92343-34ca-43c2-a6c6-06c554ed3e2b"
"CEMAVE_32.03","eee05591-c155-43a0-9de1-03c49e80b419"
"CEMAVE_32.03","bd67148c-35b9-44ad-a8da-ea6d01b0f411"
"CEMAVE_04.01","7ad95d08-43ce-4a3c-88b0-820c0c625522"
"CEMAVE_04.01","a8771f97-1b4f-4c3e-96c8-fdc368b88f0c"
"CEMAVE_04.01","83c72501-8a03-4706-992f-d1c498b999c1"
"CEMAVE_04.01","d0b92343-34ca-43c2-a6c6-06c554ed3e2b"
"CEMAVE_04.01","0b7b4d4f-bf1b-4667-ad78-52fd4e537145"
"CEMAVE_04.01","53003722-caa8-4e56-83a0-d3f5b4afa9b7"
"CEMAVE_04.01","611f7f0a-03d7-4c79-bdce-b5c8881a9892"
"CEMAVE_04.01","0893fc6c-04d1-4118-ac7b-a387deb20320"
"CEMAVE_04.01","bd67148c-35b9-44ad-a8da-ea6d01b0f411"
"CEMAVE_04.01","3b362879-6f46-4898-8a49-c60e04fe097d"
"CEMAVE_04.01","e326faaf-0bff-4e58-8315-c102fa9997a2"
"CEMAVE_04.01","0ce95a70-d887-4126-bc7f-d14a72d66a8d"
"CEMAVE_04.01","3556f4e7-e254-4511-8a2c-42b369a9c0db"
"CEMAVE_04.01","701ff08e-5fda-4655-8d9c-5ada635bacab"
"CEMAVE_04.01","378d48e6-108c-450d-901d-f098e228bacc"
"CEMAVE_04.01","a02cf072-bab2-4591-ad9e-45378b9cd9f6"
"CEMAVE_04.01","ca5f1dc4-a547-4137-9d0b-2f6e7ad56d95"
"CEMAVE_04.01","933103cf-de27-4aae-85b2-7fe23ffd93eb"
"CEMAVE_04.01","ae447fea-3769-409d-8706-f34c7089687f"
"CEMAVE_04.01","662bcdd6-b07c-4dac-98b8-31c99291227a"
"CEMAVE_04.01","ff3a05b9-9da8-464b-ac40-f6ac896139d1"
"CEMAVE_04.01","fc77e2b9-fcf2-4949-84fd-bf3ff6639806"
"CEMAVE_04.01","cc7bf2a6-22c2-4714-b0fe-a25ec1f07529"
"CEMAVE_04.01","dc72be4f-9dae-462d-83e5-d7cb1907e427"
"CEMAVE_04.01","cb999b5d-b461-4b3b-8555-2af82894b2fe"
"CEMAVE_05.01","7ad95d08-43ce-4a3c-88b0-820c0c625522"
"CEMAVE_05.01","53003722-caa8-4e56-83a0-d3f5b4afa9b7"
"CEMAVE_05.01","a8771f97-1b4f-4c3e-96c8-fdc368b88f0c"
"CEMAVE_05.01","83c72501-8a03-4706-992f-d1c498b999c1"
"CEMAVE_05.01","611f7f0a-03d7-4c79-bdce-b5c8881a9892"
"CEMAVE_05.01","0893fc6c-04d1-4118-ac7b-a387deb20320"
"CEMAVE_05.01","bd67148c-35b9-44ad-a8da-ea6d01b0f411"
"CEMAVE_05.01","3b362879-6f46-4898-8a49-c60e04fe097d"
"CEMAVE_05.01","e326faaf-0bff-4e58-8315-c102fa9997a2"
"CEMAVE_05.01","0ce95a70-d887-4126-bc7f-d14a72d66a8d"
"CEMAVE_05.01","3556f4e7-e254-4511-8a2c-42b369a9c0db"
"CEMAVE_05.01","701ff08e-5fda-4655-8d9c-5ada635bacab"
"CEMAVE_05.01","378d48e6-108c-450d-901d-f098e228bacc"
"CEMAVE_05.01","a02cf072-bab2-4591-ad9e-45378b9cd9f6"
"CEMAVE_05.01","ca5f1dc4-a547-4137-9d0b-2f6e7ad56d95"
"CEMAVE_05.01","933103cf-de27-4aae-85b2-7fe23ffd93eb"
"CEMAVE_05.01","ae447fea-3769-409d-8706-f34c7089687f"
"CEMAVE_05.01","662bcdd6-b07c-4dac-98b8-31c99291227a"
"CEMAVE_05.01","ff3a05b9-9da8-464b-ac40-f6ac896139d1"
"CEMAVE_05.01","fc77e2b9-fcf2-4949-84fd-bf3ff6639806"
"CEMAVE_05.01","cc7bf2a6-22c2-4714-b0fe-a25ec1f07529"
"CEMAVE_05.01","dc72be4f-9dae-462d-83e5-d7cb1907e427"
"CEMAVE_05.01","cb999b5d-b461-4b3b-8555-2af82894b2fe"
"CEMAVE_21.02","e326faaf-0bff-4e58-8315-c102fa9997a2"
"CEMAVE_21.02","933103cf-de27-4aae-85b2-7fe23ffd93eb"
"CEMAVE_21.02","378d48e6-108c-450d-901d-f098e228bacc"
"CEMAVE_21.02","a8771f97-1b4f-4c3e-96c8-fdc368b88f0c"
"CEMAVE_21.02","ff3a05b9-9da8-464b-ac40-f6ac896139d1"
"CEMAVE_21.02","a02cf072-bab2-4591-ad9e-45378b9cd9f6"
"CEMAVE_21.02","701ff08e-5fda-4655-8d9c-5ada635bacab"
"CEMAVE_21.02","3b362879-6f46-4898-8a49-c60e04fe097d"
"CEMAVE_21.02","83c72501-8a03-4706-992f-d1c498b999c1"
"CEMAVE_21.02","d0b92343-34ca-43c2-a6c6-06c554ed3e2b"
"CEMAVE_21.02","bd67148c-35b9-44ad-a8da-ea6d01b0f411"
"CEMAVE_21.02","0ce95a70-d887-4126-bc7f-d14a72d66a8d"
"CEMAVE_22.02","3b362879-6f46-4898-8a49-c60e04fe097d"
"CEMAVE_22.02","d0b92343-34ca-43c2-a6c6-06c554ed3e2b"
"CEMAVE_22.02","eee05591-c155-43a0-9de1-03c49e80b419"
"CEMAVE_22.02","bd67148c-35b9-44ad-a8da-ea6d01b0f411"
"CECAV_03.01","063db659-2242-4d0b-92a0-f3ebd6fbefdc"
"CECAV_03.01","f371e656-c509-49e4-a817-f3f1cf2284b7"
"CECAV_03.01","b617cdb9-2118-4c49-b8e8-05b3b647f65d"
"CECAV_03.01","ae447fea-3769-409d-8706-f34c7089687f"
"CECAV_03.01","e326faaf-0bff-4e58-8315-c102fa9997a2"
"CECAV_03.01","53003722-caa8-4e56-83a0-d3f5b4afa9b7"
"CECAV_03.01","31f1a3c3-be7c-4abb-bc80-bca5a958fb53"
"CECAV_03.01","933103cf-de27-4aae-85b2-7fe23ffd93eb"
"CECAV_03.01","a8771f97-1b4f-4c3e-96c8-fdc368b88f0c"
"CECAV_03.01","662bcdd6-b07c-4dac-98b8-31c99291227a"
"CECAV_03.01","ff3a05b9-9da8-464b-ac40-f6ac896139d1"
"CECAV_03.01","a02cf072-bab2-4591-ad9e-45378b9cd9f6"
"CECAV_03.01","701ff08e-5fda-4655-8d9c-5ada635bacab"
"CECAV_03.01","611f7f0a-03d7-4c79-bdce-b5c8881a9892"
"CECAV_03.01","1f209360-c10d-4150-a7a6-8199679c87fa"
"CECAV_03.01","ca5f1dc4-a547-4137-9d0b-2f6e7ad56d95"
"CECAV_03.01","b672645d-8b49-46da-b41e-b93e80a59099"
"CECAV_03.01","3b362879-6f46-4898-8a49-c60e04fe097d"
"CECAV_03.01","83c72501-8a03-4706-992f-d1c498b999c1"
"CECAV_03.01","43679681-4c74-499b-8833-4256ab34ad38"
"CECAV_03.01","d0b92343-34ca-43c2-a6c6-06c554ed3e2b"
"CECAV_03.01","0893fc6c-04d1-4118-ac7b-a387deb20320"
"CECAV_03.01","7ad95d08-43ce-4a3c-88b0-820c0c625522"
"CECAV_03.01","bd67148c-35b9-44ad-a8da-ea6d01b0f411"
"CECAV_03.01","0ce95a70-d887-4126-bc7f-d14a72d66a8d"
"CECAV_03.01","3fe7ea75-5590-4865-bf48-647ef71e37e8"
"CECAV_03.01","dc72be4f-9dae-462d-83e5-d7cb1907e427"
"RAN_03.01","83c72501-8a03-4706-992f-d1c498b999c1"
"RAN_03.01","0ce95a70-d887-4126-bc7f-d14a72d66a8d"
"RAN_03.01","bd67148c-35b9-44ad-a8da-ea6d01b0f411"
"RAN_03.01","3b362879-6f46-4898-8a49-c60e04fe097d"
"RAN_03.01","701ff08e-5fda-4655-8d9c-5ada635bacab"
"RAN_03.01","378d48e6-108c-450d-901d-f098e228bacc"
"RAN_03.01","3556f4e7-e254-4511-8a2c-42b369a9c0db"
"RAN_03.01","d0b92343-34ca-43c2-a6c6-06c554ed3e2b"
"RAN_03.01","eee05591-c155-43a0-9de1-03c49e80b419"
"RAN_07.01","e326faaf-0bff-4e58-8315-c102fa9997a2"
"RAN_07.01","a8771f97-1b4f-4c3e-96c8-fdc368b88f0c"
"RAN_07.01","ff3a05b9-9da8-464b-ac40-f6ac896139d1"
"RAN_07.01","a02cf072-bab2-4591-ad9e-45378b9cd9f6"
"RAN_07.01","701ff08e-5fda-4655-8d9c-5ada635bacab"
"RAN_07.01","611f7f0a-03d7-4c79-bdce-b5c8881a9892"
"RAN_07.01","b672645d-8b49-46da-b41e-b93e80a59099"
"RAN_07.01","3b362879-6f46-4898-8a49-c60e04fe097d"
"RAN_07.01","0893fc6c-04d1-4118-ac7b-a387deb20320"
"RAN_07.01","0ce95a70-d887-4126-bc7f-d14a72d66a8d"
"RAN_07.01","dc72be4f-9dae-462d-83e5-d7cb1907e427"
"RAN_07.01","662bcdd6-b07c-4dac-98b8-31c99291227a"
"RAN_07.01","0b7b4d4f-bf1b-4667-ad78-52fd4e537145"
"RAN_07.01","cc7bf2a6-22c2-4714-b0fe-a25ec1f07529"
"CPB_07.01","063db659-2242-4d0b-92a0-f3ebd6fbefdc"
"CPB_07.01","ae447fea-3769-409d-8706-f34c7089687f"
"CPB_07.01","662bcdd6-b07c-4dac-98b8-31c99291227a"
"CPB_07.01","ff3a05b9-9da8-464b-ac40-f6ac896139d1"
"CPB_07.01","611f7f0a-03d7-4c79-bdce-b5c8881a9892"
"CPB_07.01","0893fc6c-04d1-4118-ac7b-a387deb20320"
"CPB_07.01","7ad95d08-43ce-4a3c-88b0-820c0c625522"
"CPB_07.01","dc72be4f-9dae-462d-83e5-d7cb1907e427"
"CPB_08.02","f371e656-c509-49e4-a817-f3f1cf2284b7"
"CPB_08.02","e326faaf-0bff-4e58-8315-c102fa9997a2"
"CPB_08.02","53003722-caa8-4e56-83a0-d3f5b4afa9b7"
"CPB_08.02","662bcdd6-b07c-4dac-98b8-31c99291227a"
"CPB_08.02","1f209360-c10d-4150-a7a6-8199679c87fa"
"CPB_08.02","ca5f1dc4-a547-4137-9d0b-2f6e7ad56d95"
"CPB_08.02","b672645d-8b49-46da-b41e-b93e80a59099"
"CPB_08.02","43679681-4c74-499b-8833-4256ab34ad38"
"CPB_08.02","3fe7ea75-5590-4865-bf48-647ef71e37e8"
"CNPT_01.01","f371e656-c509-49e4-a817-f3f1cf2284b7"
"CNPT_01.01","b617cdb9-2118-4c49-b8e8-05b3b647f65d"
"CNPT_01.01","ecc8be36-46a9-4ea4-921a-e66378a3cdd0"
"CNPT_01.01","77f51eab-2de5-4d42-94ec-be2f29a9ec55"
"CNPT_01.01","31f1a3c3-be7c-4abb-bc80-bca5a958fb53"
"CNPT_01.01","7e00d821-1c03-4d7f-947b-58a549e57a2f"
"CNPT_01.01","d13de2d3-2fc4-42dd-ae68-1b0b935dbd1b"
"CNPT_01.01","1f209360-c10d-4150-a7a6-8199679c87fa"
"CNPT_01.01","264d3045-8f1a-4db4-84ce-945a464f3517"
"CNPT_01.01","cecfd167-75c1-48a8-9408-358d1e99719a"
"CNPT_01.01","ca5c95ea-a1cb-417d-a6e9-af3fcd6a2c6c"
"CNPT_01.01","40a7aaac-d678-476c-ba92-7c7474514283"
"CNPT_01.01","43679681-4c74-499b-8833-4256ab34ad38"
"CNPT_01.01","b2ce4b8c-aba9-4d16-8333-4efb83af4794"
"CNPT_01.01","d97daeb2-4295-4109-a400-31b212dfab4a"
"CNPT_01.01","3fe7ea75-5590-4865-bf48-647ef71e37e8"
"RAN_04.01","e326faaf-0bff-4e58-8315-c102fa9997a2"
"RAN_04.01","53003722-caa8-4e56-83a0-d3f5b4afa9b7"
"RAN_04.01","ca5f1dc4-a547-4137-9d0b-2f6e7ad56d95"
"RAN_04.01","b672645d-8b49-46da-b41e-b93e80a59099"
"RAN_04.01","43679681-4c74-499b-8833-4256ab34ad38"
"RAN_04.01","0ce95a70-d887-4126-bc7f-d14a72d66a8d"
"RAN_04.01","83c72501-8a03-4706-992f-d1c498b999c1"
"RAN_04.01","378d48e6-108c-450d-901d-f098e228bacc"
"RAN_04.01","3b362879-6f46-4898-8a49-c60e04fe097d"
"RAN_04.01","bd67148c-35b9-44ad-a8da-ea6d01b0f411"
"RAN_06.01","0ce95a70-d887-4126-bc7f-d14a72d66a8d"
"RAN_06.01","83c72501-8a03-4706-992f-d1c498b999c1"
"RAN_06.01","378d48e6-108c-450d-901d-f098e228bacc"
"RAN_06.01","3b362879-6f46-4898-8a49-c60e04fe097d"
"RAN_06.01","bd67148c-35b9-44ad-a8da-ea6d01b0f411"
"RAN_06.01","d0b92343-34ca-43c2-a6c6-06c554ed3e2b"
"RAN_06.01","e326faaf-0bff-4e58-8315-c102fa9997a2"
"RAN_06.01","701ff08e-5fda-4655-8d9c-5ada635bacab"
"RAN_09.02","3b362879-6f46-4898-8a49-c60e04fe097d"
"RAN_09.02","d0b92343-34ca-43c2-a6c6-06c554ed3e2b"
"RAN_09.02","bd67148c-35b9-44ad-a8da-ea6d01b0f411"
"RAN_10.02","f371e656-c509-49e4-a817-f3f1cf2284b7"
"RAN_10.02","e326faaf-0bff-4e58-8315-c102fa9997a2"
"RAN_10.02","53003722-caa8-4e56-83a0-d3f5b4afa9b7"
"RAN_10.02","662bcdd6-b07c-4dac-98b8-31c99291227a"
"RAN_10.02","1f209360-c10d-4150-a7a6-8199679c87fa"
"RAN_10.02","ca5f1dc4-a547-4137-9d0b-2f6e7ad56d95"
"RAN_10.02","b672645d-8b49-46da-b41e-b93e80a59099"
"RAN_10.02","43679681-4c74-499b-8833-4256ab34ad38"
"RAN_10.02","3fe7ea75-5590-4865-bf48-647ef71e37e8"
"RAN_11.02","701ff08e-5fda-4655-8d9c-5ada635bacab"
"RAN_11.02","83c72501-8a03-4706-992f-d1c498b999c1"
"RAN_11.02","0ce95a70-d887-4126-bc7f-d14a72d66a8d"
"RAN_11.02","378d48e6-108c-450d-901d-f098e228bacc"
"RAN_11.02","a3e75118-2f86-4d2e-850e-42f825355f04"
"RAN_11.02","53003722-caa8-4e56-83a0-d3f5b4afa9b7"
"RAN_12.02","a8771f97-1b4f-4c3e-96c8-fdc368b88f0c"
"RAN_12.02","ff3a05b9-9da8-464b-ac40-f6ac896139d1"
"RAN_12.02","a02cf072-bab2-4591-ad9e-45378b9cd9f6"
"RAN_12.02","0b7b4d4f-bf1b-4667-ad78-52fd4e537145"
"RAN_12.02","cc7bf2a6-22c2-4714-b0fe-a25ec1f07529"
"CPB_03.01","0ce95a70-d887-4126-bc7f-d14a72d66a8d"
"CPB_03.01","83c72501-8a03-4706-992f-d1c498b999c1"
"CPB_03.01","378d48e6-108c-450d-901d-f098e228bacc"
"CPB_03.01","3b362879-6f46-4898-8a49-c60e04fe097d"
"CPB_03.01","bd67148c-35b9-44ad-a8da-ea6d01b0f411"
"CPB_03.01","d0b92343-34ca-43c2-a6c6-06c554ed3e2b"
"CEPTA_06.01","e326faaf-0bff-4e58-8315-c102fa9997a2"
"CEPTA_06.01","378d48e6-108c-450d-901d-f098e228bacc"
"CEPTA_06.01","701ff08e-5fda-4655-8d9c-5ada635bacab"
"CEPTA_06.01","83c72501-8a03-4706-992f-d1c498b999c1"
"CEPTA_06.01","53003722-caa8-4e56-83a0-d3f5b4afa9b7"
"CEPTA_06.01","0ce95a70-d887-4126-bc7f-d14a72d66a8d"
"CEPTA_06.01","bd67148c-35b9-44ad-a8da-ea6d01b0f411"
"CEPTA_06.01","d0b92343-34ca-43c2-a6c6-06c554ed3e2b"
"CEPTA_06.01","a02cf072-bab2-4591-ad9e-45378b9cd9f6"
"CEPTA_06.01","b672645d-8b49-46da-b41e-b93e80a59099"
"CEPTA_06.01","43679681-4c74-499b-8833-4256ab34ad38"
"CEPTA_06.01","1f209360-c10d-4150-a7a6-8199679c87fa"
"CEPTA_06.01","ca5f1dc4-a547-4137-9d0b-2f6e7ad56d95"
"CEPTA_06.01","f371e656-c509-49e4-a817-f3f1cf2284b7"
"CEPTA_06.01","3fe7ea75-5590-4865-bf48-647ef71e37e8"
"CEPTA_06.01","3b362879-6f46-4898-8a49-c60e04fe097d"
"CEPTA_06.01","a8771f97-1b4f-4c3e-96c8-fdc368b88f0c"
"CEPSUL_03.01","b2ce4b8c-aba9-4d16-8333-4efb83af4794"
"CEPSUL_03.01","b54f28d1-92e5-4482-8c5a-baecbdfc250b"
"CEPSUL_03.01","bd67148c-35b9-44ad-a8da-ea6d01b0f411"
"CEPSUL_03.01","d0b92343-34ca-43c2-a6c6-06c554ed3e2b"
"CBC_01.01","7ad95d08-43ce-4a3c-88b0-820c0c625522"
"CBC_01.01","53003722-caa8-4e56-83a0-d3f5b4afa9b7"
"CBC_01.01","a8771f97-1b4f-4c3e-96c8-fdc368b88f0c"
"CBC_01.01","0ce95a70-d887-4126-bc7f-d14a72d66a8d"
"CBC_01.01","d0b92343-34ca-43c2-a6c6-06c554ed3e2b"
"CBC_01.01","0b7b4d4f-bf1b-4667-ad78-52fd4e537145"
"CBC_01.01","b617cdb9-2118-4c49-b8e8-05b3b647f65d"
"CBC_02.01","83c72501-8a03-4706-992f-d1c498b999c1"
"CBC_02.01","7ad95d08-43ce-4a3c-88b0-820c0c625522"
"CBC_02.01","53003722-caa8-4e56-83a0-d3f5b4afa9b7"
"CBC_02.01","e326faaf-0bff-4e58-8315-c102fa9997a2"
"CBC_02.01","0ce95a70-d887-4126-bc7f-d14a72d66a8d"
"CBC_02.01","611f7f0a-03d7-4c79-bdce-b5c8881a9892"
"CBC_02.01","0893fc6c-04d1-4118-ac7b-a387deb20320"
"CBC_02.01","bd67148c-35b9-44ad-a8da-ea6d01b0f411"
"CBC_02.01","3b362879-6f46-4898-8a49-c60e04fe097d"
"CBC_02.01","a8771f97-1b4f-4c3e-96c8-fdc368b88f0c"
"CBC_02.01","a3e75118-2f86-4d2e-850e-42f825355f04"
"CBC_02.01","701ff08e-5fda-4655-8d9c-5ada635bacab"
"CBC_02.01","378d48e6-108c-450d-901d-f098e228bacc"
"CBC_02.01","a02cf072-bab2-4591-ad9e-45378b9cd9f6"
"CBC_02.01","ca5f1dc4-a547-4137-9d0b-2f6e7ad56d95"
"CBC_02.01","3556f4e7-e254-4511-8a2c-42b369a9c0db"
"CBC_02.01","d0b92343-34ca-43c2-a6c6-06c554ed3e2b"
"CBC_02.01","933103cf-de27-4aae-85b2-7fe23ffd93eb"
"CBC_02.01","ae447fea-3769-409d-8706-f34c7089687f"
"CBC_02.01","16f7b547-5bb4-4b9a-9b4b-37d574270042"
"CBC_02.01","662bcdd6-b07c-4dac-98b8-31c99291227a"
"CBC_02.01","fed86867-1061-42e2-bcef-af1242c23453"
"CBC_02.01","ff3a05b9-9da8-464b-ac40-f6ac896139d1"
"CBC_02.01","fc77e2b9-fcf2-4949-84fd-bf3ff6639806"
"CBC_02.01","0b7b4d4f-bf1b-4667-ad78-52fd4e537145"
"CBC_02.01","b5c3eb5b-7c9c-4052-9300-2de42312217c"
"CBC_02.01","cc7bf2a6-22c2-4714-b0fe-a25ec1f07529"
"CBC_02.01","e115a1ab-d847-4109-831d-97204ab080e3"
"CBC_02.01","4ac574b4-8a63-4836-ba43-72c0b6a2e534"
"CBC_02.01","dc72be4f-9dae-462d-83e5-d7cb1907e427"
"CBC_02.01","cb999b5d-b461-4b3b-8555-2af82894b2fe"
"CEPSUL_01.01","f371e656-c509-49e4-a817-f3f1cf2284b7"
"CEPSUL_01.01","b617cdb9-2118-4c49-b8e8-05b3b647f65d"
"CEPSUL_01.01","ecc8be36-46a9-4ea4-921a-e66378a3cdd0"
"CEPSUL_01.01","77f51eab-2de5-4d42-94ec-be2f29a9ec55"
"CEPSUL_01.01","31f1a3c3-be7c-4abb-bc80-bca5a958fb53"
"CEPSUL_01.01","7e00d821-1c03-4d7f-947b-58a549e57a2f"
"CEPSUL_01.01","d13de2d3-2fc4-42dd-ae68-1b0b935dbd1b"
"CEPSUL_01.01","1f209360-c10d-4150-a7a6-8199679c87fa"
"CEPSUL_01.01","264d3045-8f1a-4db4-84ce-945a464f3517"
"CEPSUL_01.01","cecfd167-75c1-48a8-9408-358d1e99719a"
"CEPSUL_01.01","ca5c95ea-a1cb-417d-a6e9-af3fcd6a2c6c"
"CEPSUL_01.01","40a7aaac-d678-476c-ba92-7c7474514283"
"CEPSUL_01.01","43679681-4c74-499b-8833-4256ab34ad38"
"CEPSUL_01.01","b54f28d1-92e5-4482-8c5a-baecbdfc250b"
"CEPSUL_01.01","b2ce4b8c-aba9-4d16-8333-4efb83af4794"
"CEPSUL_01.01","d97daeb2-4295-4109-a400-31b212dfab4a"
"CEPSUL_01.01","3fe7ea75-5590-4865-bf48-647ef71e37e8"
"CEPSUL_04.02","b617cdb9-2118-4c49-b8e8-05b3b647f65d"
"CEPSUL_04.02","ecc8be36-46a9-4ea4-921a-e66378a3cdd0"
"CEPSUL_04.02","77f51eab-2de5-4d42-94ec-be2f29a9ec55"
"CEPSUL_04.02","31f1a3c3-be7c-4abb-bc80-bca5a958fb53"
"CEPSUL_04.02","7e00d821-1c03-4d7f-947b-58a549e57a2f"
"CEPSUL_04.02","d13de2d3-2fc4-42dd-ae68-1b0b935dbd1b"
"CEPSUL_04.02","1f209360-c10d-4150-a7a6-8199679c87fa"
"CEPSUL_04.02","264d3045-8f1a-4db4-84ce-945a464f3517"
"CEPSUL_04.02","cecfd167-75c1-48a8-9408-358d1e99719a"
"CEPSUL_04.02","ca5c95ea-a1cb-417d-a6e9-af3fcd6a2c6c"
"CEPSUL_04.02","40a7aaac-d678-476c-ba92-7c7474514283"
"CEPSUL_04.02","43679681-4c74-499b-8833-4256ab34ad38"
"CEPSUL_04.02","b54f28d1-92e5-4482-8c5a-baecbdfc250b"
"CEPSUL_04.02","b2ce4b8c-aba9-4d16-8333-4efb83af4794"
"CEPSUL_04.02","d97daeb2-4295-4109-a400-31b212dfab4a"
"CEPSUL_04.02","3fe7ea75-5590-4865-bf48-647ef71e37e8"
"CEMAVE_25.02","f371e656-c509-49e4-a817-f3f1cf2284b7"
"CEMAVE_25.02","e326faaf-0bff-4e58-8315-c102fa9997a2"
"CEMAVE_25.02","53003722-caa8-4e56-83a0-d3f5b4afa9b7"
"CEMAVE_25.02","1f209360-c10d-4150-a7a6-8199679c87fa"
"CEMAVE_25.02","ca5f1dc4-a547-4137-9d0b-2f6e7ad56d95"
"CEMAVE_25.02","b672645d-8b49-46da-b41e-b93e80a59099"
"CEMAVE_25.02","43679681-4c74-499b-8833-4256ab34ad38"
"CEMAVE_25.02","a3e75118-2f86-4d2e-850e-42f825355f04"
"CEMAVE_25.02","3fe7ea75-5590-4865-bf48-647ef71e37e8"
"CEMAVE_25.02","662bcdd6-b07c-4dac-98b8-31c99291227a"
"CEMAVE_12.01","83c72501-8a03-4706-992f-d1c498b999c1"
"CEMAVE_12.01","0ce95a70-d887-4126-bc7f-d14a72d66a8d"
"CEMAVE_12.01","bd67148c-35b9-44ad-a8da-ea6d01b0f411"
"CEMAVE_12.01","3b362879-6f46-4898-8a49-c60e04fe097d"
"CEMAVE_12.01","701ff08e-5fda-4655-8d9c-5ada635bacab"
"CEMAVE_12.01","378d48e6-108c-450d-901d-f098e228bacc"
"CEMAVE_12.01","3556f4e7-e254-4511-8a2c-42b369a9c0db"
"CEMAVE_12.01","d0b92343-34ca-43c2-a6c6-06c554ed3e2b"
"CEMAVE_12.01","eee05591-c155-43a0-9de1-03c49e80b419"
"CEMAVE_19.02","e326faaf-0bff-4e58-8315-c102fa9997a2"
"CEMAVE_19.02","53003722-caa8-4e56-83a0-d3f5b4afa9b7"
"CEMAVE_19.02","ca5f1dc4-a547-4137-9d0b-2f6e7ad56d95"
"CEMAVE_19.02","b672645d-8b49-46da-b41e-b93e80a59099"
"CEMAVE_19.02","43679681-4c74-499b-8833-4256ab34ad38"
"CEMAVE_19.02","1f209360-c10d-4150-a7a6-8199679c87fa"
"CEMAVE_19.02","3fe7ea75-5590-4865-bf48-647ef71e37e8"
"CEMAVE_19.02","f371e656-c509-49e4-a817-f3f1cf2284b7"
"CEMAVE_15.02","e326faaf-0bff-4e58-8315-c102fa9997a2"
"CEMAVE_15.02","53003722-caa8-4e56-83a0-d3f5b4afa9b7"
"CEMAVE_15.02","ca5f1dc4-a547-4137-9d0b-2f6e7ad56d95"
"CEMAVE_15.02","b672645d-8b49-46da-b41e-b93e80a59099"
"CEMAVE_15.02","43679681-4c74-499b-8833-4256ab34ad38"
"CEMAVE_15.02","1f209360-c10d-4150-a7a6-8199679c87fa"
"CEMAVE_15.02","3fe7ea75-5590-4865-bf48-647ef71e37e8"
"CEMAVE_15.02","f371e656-c509-49e4-a817-f3f1cf2284b7"
"CEMAVE_29.02","a3e75118-2f86-4d2e-850e-42f825355f04"
"CEMAVE_29.02","dc72be4f-9dae-462d-83e5-d7cb1907e427"
"CEMAVE_29.02","a8771f97-1b4f-4c3e-96c8-fdc368b88f0c"
"CEMAVE_29.02","0b7b4d4f-bf1b-4667-ad78-52fd4e537145"
"CEMAVE_29.02","cc7bf2a6-22c2-4714-b0fe-a25ec1f07529"
"CEMAVE_30.02","063db659-2242-4d0b-92a0-f3ebd6fbefdc"
"CEMAVE_30.02","b617cdb9-2118-4c49-b8e8-05b3b647f65d"
"CEMAVE_30.02","ae447fea-3769-409d-8706-f34c7089687f"
"CEMAVE_30.02","ff3a05b9-9da8-464b-ac40-f6ac896139d1"
"CEMAVE_30.02","611f7f0a-03d7-4c79-bdce-b5c8881a9892"
"CEMAVE_30.02","0893fc6c-04d1-4118-ac7b-a387deb20320"
"CEMAVE_30.02","7ad95d08-43ce-4a3c-88b0-820c0c625522"
"CEMAVE_30.02","dc72be4f-9dae-462d-83e5-d7cb1907e427"
